y_real,prob_fraude,pred_threshold_0.5
0,8.145595514370736e-14,0
0,1.4844804388604947e-18,0
0,7.656973667551326e-09,0
0,2.875201770994016e-07,0
0,0.013024326679081944,0
0,7.30228638970307e-18,0
0,8.821237193581999e-21,0
0,7.059786148491737e-18,0
0,8.029932946800683e-20,0
0,6.35275107269301e-11,0
0,2.9899355497147844e-20,0
0,1.3774620166432117e-07,0
0,1.9043199765205233e-18,0
0,7.64253141116331e-06,0
0,6.042835864660508e-07,0
0,1.034423965376332e-05,0
0,4.452370622446819e-09,0
0,6.115047968652853e-22,0
0,8.996989745039132e-16,0
0,1.478884608763316e-22,0
0,4.3948474270884405e-16,0
0,9.885888550253807e-18,0
0,9.123158786109084e-09,0
0,1.219957282424518e-22,0
0,1.368000481780343e-14,0
0,1.0766272352612234e-14,0
0,7.46022606101946e-17,0
0,3.738346498704373e-07,0
0,4.416338158389212e-13,0
0,1.5000517080498643e-15,0
0,9.204790986926887e-16,0
0,2.559756230790821e-14,0
0,3.1092514639818374e-13,0
0,7.906665179355241e-18,0
0,5.70044843976113e-12,0
0,7.739094079833805e-13,0
0,3.1116201382999597e-13,0
0,9.463421798872825e-07,0
0,6.120419761378622e-13,0
0,7.235861733675951e-16,0
0,1.788107656072835e-18,0
0,2.031830332739316e-13,0
0,9.724432839980742e-09,0
0,0.0002088333008391162,0
0,6.491930059920913e-05,0
0,6.331456089169371e-23,0
0,1.6087998178708349e-15,0
0,1.025761989658913e-20,0
0,1.148911985504839e-11,0
0,1.7840612979439754e-16,0
0,6.226878124947657e-19,0
0,7.832202455172925e-17,0
0,4.2358675213134254e-15,0
0,4.06169945137875e-16,0
0,5.538934906429517e-20,0
0,2.2185253147278594e-18,0
0,2.9336901417514958e-15,0
0,2.6539738388371645e-23,0
0,2.8244167426831815e-16,0
0,2.2282028299523923e-15,0
0,2.0900305114995582e-22,0
0,2.6584920687066015e-16,0
0,1.831178303078106e-11,0
0,1.227864718475899e-14,0
0,9.328888801748294e-17,0
0,3.677154867462237e-14,0
0,2.789666016628426e-20,0
0,4.659913467445175e-21,0
0,6.613644090122381e-13,0
0,8.014290796278092e-16,0
0,6.224056105032874e-20,0
0,7.320785707770687e-25,0
0,3.914398942231678e-23,0
0,6.254181364985016e-10,0
0,1.472948194362012e-13,0
0,4.291665816071127e-19,0
0,1.317864207649161e-09,0
0,1.0664421578214831e-08,0
0,3.459109171724441e-14,0
0,6.612257603207379e-18,0
0,1.559616149082589e-20,0
0,1.2957418217195347e-08,0
0,3.257682815327312e-18,0
0,1.1655499195019921e-19,0
0,8.228281555480765e-12,0
0,1.2443959636508782e-09,0
0,1.8911592138788024e-16,0
1,0.9199087745148307,1
0,2.4359201665996323e-20,0
0,1.2620308131561986e-18,0
0,1.481631387627477e-20,0
0,3.7104600460572787e-19,0
0,5.849661044074972e-16,0
0,4.378727685358391e-15,0
0,1.3970132934637093e-23,0
0,3.241376249240201e-17,0
0,1.0140064481295824e-11,0
0,2.3618773260431943e-21,0
0,3.2966871832028574e-10,0
0,6.600371144160616e-18,0
0,1.0407699736518671e-20,0
0,1.1715129959422716e-08,0
0,1.7518991708888621e-15,0
0,4.044939719989908e-13,0
0,9.438879789099872e-17,0
0,6.06199841380677e-17,0
0,5.739704174060352e-19,0
0,8.369827133430849e-15,0
0,5.0934634519392495e-18,0
0,2.937911195036157e-19,0
0,1.6330075756994052e-15,0
0,3.676285428775448e-18,0
0,3.460951266354877e-22,0
0,9.94886853190266e-21,0
0,3.823370342024433e-15,0
0,1.6722030779564608e-06,0
0,3.1933610479534915e-06,0
0,1.8762555842517e-13,0
0,3.104656264888555e-10,0
0,1.4015869701375724e-16,0
0,4.256077745307075e-18,0
0,9.842590135161869e-13,0
0,1.4089882689297323e-15,0
0,1.334605896421201e-17,0
0,1.23692926641775e-18,0
0,2.758121474738252e-20,0
0,3.6731734552499896e-21,0
0,2.6241929536387275e-16,0
0,6.127501027692141e-15,0
0,7.232684721969106e-18,0
0,2.745029910596407e-26,0
0,2.4585408815994586e-24,0
0,2.1973779806072203e-09,0
0,1.3182355160609912e-10,0
0,6.143069854144058e-21,0
0,7.339609222155502e-11,0
0,9.236738560699354e-16,0
0,3.5388862916115994e-17,0
0,6.50773857832857e-11,0
0,1.2420777389286192e-21,0
0,9.395300158916658e-20,0
0,8.16346202879385e-12,0
0,6.564729651918767e-11,0
0,2.0202279544856395e-11,0
0,9.163767068187928e-21,0
0,2.2206463487031735e-17,0
0,1.1643634992376405e-16,0
0,1.0714784521194628e-06,0
0,1.914552336639695e-21,0
0,4.0992316149235373e-16,0
0,1.212975535419538e-14,0
0,3.0905878742162694e-12,0
0,5.516954644186111e-13,0
0,2.7136467861178203e-11,0
0,2.2303874050630194e-17,0
0,4.078666452571858e-15,0
0,3.2003197765165006e-19,0
0,2.2618136969107602e-26,0
0,2.450802678191148e-12,0
0,8.297235258083611e-15,0
0,1.0802090461773611e-14,0
0,5.567211362093823e-18,0
0,0.00016930627564329295,0
0,2.3529700901094147e-18,0
0,8.889411460528095e-08,0
0,5.562158412070429e-19,0
0,3.471167437358292e-23,0
0,6.567453426888851e-10,0
0,9.793938562167706e-16,0
0,2.0095079315164915e-21,0
0,3.3522922989393664e-09,0
0,7.48420502499911e-21,0
0,4.776459283135221e-05,0
0,2.4961321154426945e-23,0
0,2.0110171476279896e-13,0
0,2.232778264681566e-11,0
0,2.1520261339170087e-11,0
0,9.479441045808539e-10,0
0,1.883989457134284e-14,0
0,1.9418589397086662e-22,0
0,1.4521114353059104e-22,0
0,2.33103816200356e-17,0
0,8.497257059138761e-05,0
0,1.641916664112128e-06,0
0,3.0891886047689197e-12,0
0,3.11923029003198e-20,0
0,2.4598230070313292e-20,0
0,1.6972835238695414e-20,0
0,4.527849782075652e-15,0
0,4.7862210137191196e-24,0
0,9.865299524106073e-17,0
0,2.6245844293568814e-14,0
0,1.31931100486152e-12,0
0,6.673264015217826e-24,0
0,1.4331852643583779e-08,0
0,0.00022093981148069183,0
0,2.85882091141845e-17,0
0,2.205644132612464e-22,0
0,5.250688836786242e-18,0
0,1.6335771829768674e-13,0
0,1.323086418717422e-22,0
0,2.7693073836449492e-22,0
0,2.628563196755652e-18,0
0,0.0009465306802348769,0
0,2.281213772543671e-05,0
0,1.0506330838148475e-10,0
0,2.455519033031008e-17,0
0,1.6061713948903895e-13,0
0,2.0110571938576476e-16,0
0,1.0576400993041405e-22,0
0,2.872519425949846e-14,0
0,6.9820004408864455e-15,0
0,6.597472103096262e-13,0
0,6.254358795517167e-17,0
0,3.0976470282873713e-20,0
0,8.527902296953841e-16,0
0,4.066671194779757e-06,0
0,1.8611896769799214e-22,0
0,2.6099427920664216e-25,0
0,2.091403182260676e-17,0
0,4.849393707673837e-16,0
0,2.9844248758446774e-16,0
0,5.799994409161591e-18,0
0,2.423624316292038e-15,0
0,5.260895315191005e-17,0
0,8.054189803414543e-19,0
0,6.630734708100139e-20,0
0,7.383970244361726e-20,0
0,1.3203622190626631e-08,0
0,1.409222221463052e-23,0
0,6.086764981993238e-19,0
0,5.614999709535368e-16,0
0,2.755418154132042e-18,0
0,8.6371990970477e-14,0
0,9.36424806330338e-17,0
0,1.746197587713851e-13,0
0,3.668884548071926e-16,0
0,1.188720102073179e-13,0
0,1.2816352233062763e-13,0
0,7.489149473261262e-12,0
0,1.0384026280867047e-19,0
0,5.299243024178344e-26,0
0,6.170218055639197e-10,0
0,2.5172543285363687e-17,0
0,2.022564574102905e-15,0
0,1.988988867594577e-15,0
0,7.445389010702709e-11,0
0,2.1466842375706367e-20,0
0,4.508962753104737e-17,0
0,2.6087247062508617e-06,0
0,8.292435565238714e-19,0
0,3.634379038990513e-18,0
0,5.851475775263183e-11,0
0,3.764148576440866e-14,0
0,5.1921992288142415e-15,0
0,1.5142564123685676e-14,0
0,2.0958990312642517e-14,0
0,4.0043952269309834e-20,0
0,1.4728040486417447e-16,0
0,6.665476896022659e-21,0
0,2.339351290776822e-10,0
0,2.819140650184146e-12,0
0,3.0178935191648e-09,0
0,4.474543517888524e-10,0
0,1.7031238722904553e-18,0
0,5.636189247208879e-15,0
0,1.0170468622825574e-16,0
0,4.253616181555348e-16,0
0,6.325271476861539e-18,0
0,1.1265003570281202e-19,0
0,1.1436461117655051e-25,0
0,9.207663829399606e-16,0
0,4.229046870383723e-28,0
0,2.4430467283948294e-20,0
0,5.125440410086305e-24,0
0,1.1841012535567294e-11,0
0,1.5897684073162191e-12,0
0,3.5255792056005923e-12,0
0,8.013458605589802e-12,0
0,3.083515396374208e-19,0
0,7.061143023697627e-21,0
0,1.3847611770081724e-17,0
0,6.4937991345544735e-21,0
0,8.06823675490634e-19,0
0,2.1089125220030633e-18,0
0,5.418080314715736e-13,0
0,4.324107365429452e-24,0
0,1.7382246469371805e-07,0
0,3.2931230655391225e-15,0
0,7.398946806429339e-11,0
0,1.5818923353762257e-16,0
0,9.827707069643201e-12,0
0,8.795353041600861e-21,0
0,1.7651480161346928e-21,0
0,1.4647787482532622e-08,0
0,4.887954603969636e-14,0
0,3.50357785502152e-18,0
0,7.697250541939305e-18,0
0,1.1571118854193257e-14,0
0,3.552019066124468e-09,0
0,1.9753564178036026e-20,0
0,3.8311901936442375e-12,0
0,1.3348005224543035e-15,0
0,7.783487561597479e-17,0
0,2.6279834403236503e-22,0
0,3.546308080229165e-14,0
0,5.1879365618426794e-21,0
0,1.671490523804702e-16,0
0,9.810265260658787e-19,0
0,3.1463810615602277e-16,0
0,3.604397916909611e-16,0
0,3.4887341127393923e-23,0
0,3.429968635962806e-19,0
0,1.985277042595673e-16,0
0,2.3823791275686636e-20,0
0,1.1436212905837214e-06,0
0,1.3805353640417655e-20,0
0,6.210987499454131e-15,0
0,4.541316635096854e-22,0
0,4.8641756553254135e-17,0
0,1.894542443767332e-22,0
0,1.8734194252533568e-13,0
0,1.599450817662637e-08,0
0,1.305160317162192e-06,0
0,1.75135082164537e-14,0
0,2.1389986267941674e-20,0
0,9.646551760679132e-19,0
0,4.8879326468911475e-19,0
0,1.614423088784221e-19,0
0,5.293699500074782e-12,0
0,1.284715256752353e-13,0
0,2.055998538887383e-13,0
0,1.18707599190922e-16,0
0,1.391007602731746e-15,0
0,2.753902824486375e-16,0
0,9.763795108880783e-20,0
0,1.2894518436065439e-13,0
0,3.908744122677914e-16,0
0,1.3799023999411371e-22,0
0,4.2932054479122383e-19,0
0,2.089547150435933e-10,0
0,3.120140565769278e-16,0
0,2.371433111540546e-09,0
0,0.00041723743426664683,0
0,2.7276120440174158e-14,0
0,5.448599133397417e-21,0
0,3.5725111120302633e-19,0
0,2.1580317605253425e-11,0
0,5.647719551315808e-17,0
0,3.1183022526543235e-09,0
0,3.620237928357966e-20,0
0,7.312434564499213e-14,0
0,5.271861982302097e-17,0
0,6.1679887889476556e-18,0
0,1.6925944759056678e-10,0
0,1.1137546560865303e-17,0
0,9.339667045165241e-12,0
0,1.1354007104901103e-18,0
0,0.014925941761460297,0
0,3.1783945050571274e-14,0
0,4.901389463596197e-18,0
0,1.348537060703994e-21,0
0,1.3089220237659006e-13,0
0,6.74381594043307e-21,0
0,2.1030275850708186e-25,0
0,1.4417014041407709e-08,0
0,1.757440829390117e-19,0
0,1.601105836246358e-14,0
0,2.47617834491889e-13,0
0,2.6297863979118223e-14,0
0,1.3304714762950193e-13,0
0,4.0815785235758463e-16,0
0,5.084415798556188e-13,0
0,1.2513902190621611e-20,0
0,8.757787585810856e-19,0
0,1.8057324092609003e-15,0
0,7.110443261208275e-24,0
0,2.1507980869131862e-14,0
0,9.686397284849522e-15,0
0,1.2054254923743858e-16,0
0,4.0670951727044595e-21,0
0,2.5402385197926206e-15,0
0,6.52121460141412e-19,0
0,2.8274823164592824e-20,0
0,1.5809748813227495e-17,0
0,2.7439680780773654e-13,0
0,9.718627880046636e-19,0
0,1.2415044087608268e-06,0
0,3.6453891695936925e-15,0
0,2.5792578903875014e-17,0
0,4.054041394513494e-11,0
0,4.465871444704417e-13,0
0,0.18496460857032568,0
0,1.7844350495603137e-19,0
0,4.163834892627827e-15,0
0,1.5018307452539684e-11,0
0,7.842767565709664e-19,0
0,8.851912176710134e-16,0
0,2.0868014070167116e-26,0
0,1.0555921647732397e-17,0
0,5.924140935492985e-22,0
0,3.5685782687984293e-26,0
0,1.0812572446274712e-22,0
0,2.0797204627943226e-24,0
0,5.7871722316226235e-18,0
0,2.423231541187048e-23,0
0,6.495133757989645e-10,0
0,2.486292771547974e-23,0
0,1.4503631869171162e-15,0
0,2.3170377879263834e-20,0
0,5.540284743538507e-17,0
0,3.744092769714613e-16,0
0,4.798526925236078e-15,0
0,1.1220586585553266e-19,0
0,5.513499598497183e-15,0
0,4.395304695197716e-18,0
0,7.691858425362723e-12,0
0,1.2116927806515292e-15,0
0,0.005656228959812102,0
0,2.1661637541862175e-21,0
0,3.445431170361093e-13,0
0,1.687465399837637e-11,0
0,9.77328330215957e-17,0
0,8.165663025615841e-20,0
0,1.6473616459835572e-09,0
0,1.3229023343691713e-14,0
0,3.765995876950365e-15,0
0,5.690165104565009e-16,0
0,9.969095711965506e-12,0
0,4.7939609363389883e-14,0
0,9.486756097800815e-19,0
0,2.393832008380691e-18,0
0,1.8560786502426007e-19,0
0,7.905522276797562e-18,0
0,9.598898114915685e-12,0
0,2.2596292575998305e-11,0
0,7.831167925715662e-18,0
0,7.383207162531738e-18,0
0,1.1915360436247643e-12,0
0,3.2034949061866427e-22,0
0,8.822191451533883e-14,0
0,2.365095588472418e-10,0
0,1.8968899354431883e-19,0
0,1.0138904721012418e-18,0
0,1.1391093867675979e-15,0
0,2.2741372132134174e-11,0
0,4.718731263155804e-18,0
0,1.6509135378182374e-10,0
0,5.647909775603585e-14,0
0,1.7215999546521068e-11,0
0,5.758843192984835e-26,0
0,7.196144455019857e-13,0
0,1.637795383032294e-22,0
0,1.2253448162267739e-14,0
0,1.386256493643837e-21,0
0,3.921533191156447e-14,0
0,9.764790200398628e-25,0
0,3.242606479933931e-09,0
0,3.443731160173584e-19,0
0,5.951459598435639e-13,0
0,3.2007717325286357e-19,0
0,4.497687069532901e-12,0
0,1.1074778622695088e-18,0
0,3.777774157744002e-21,0
0,1.0953138687259723e-14,0
0,4.191272275611746e-15,0
0,0.0017209870699081116,0
0,9.904133890050506e-23,0
0,3.664976980983154e-19,0
0,1.0806172501331387e-13,0
0,9.336301458752068e-12,0
0,1.4192472397071643e-23,0
0,1.5760673114441557e-09,0
0,1.5783291120626648e-17,0
0,1.1867229181085922e-18,0
0,2.5739523278115406e-10,0
0,1.2398769317409682e-13,0
0,3.41564911874632e-17,0
0,1.5137310353971141e-22,0
0,6.811210720771248e-18,0
0,2.4896961689022822e-14,0
0,1.775561537078605e-20,0
0,1.2501054082203194e-11,0
0,1.0435267019503075e-18,0
0,1.3158605930537566e-10,0
0,4.18431382991728e-22,0
0,7.934703605825459e-13,0
0,7.619004205284712e-12,0
0,3.2656682774969124e-22,0
0,5.3165638639655525e-24,0
0,5.854941155253547e-24,0
0,2.0761981259745555e-17,0
0,3.997755499251201e-22,0
0,3.180973351247117e-21,0
0,1.5194563534368612e-15,0
0,4.218089227797241e-19,0
0,1.3405775043948406e-12,0
0,2.7877355564214444e-17,0
0,9.461357646975388e-22,0
0,1.657363215247533e-17,0
0,2.9989167247405854e-18,0
0,6.91022237534074e-19,0
0,2.968434622315628e-26,0
0,4.091332827055086e-19,0
0,1.7230759706586304e-07,0
0,4.930584887715197e-16,0
0,3.718072138615632e-14,0
0,3.190401938915967e-11,0
0,0.001605096733423556,0
0,2.331266694540575e-07,0
0,4.253752765493799e-24,0
0,1.3766195551529152e-07,0
0,6.089158386377344e-17,0
0,1.5507333866186687e-18,0
0,1.3607682197754804e-10,0
0,7.352386139096704e-11,0
0,1.574844458948537e-15,0
0,3.688455023132322e-08,0
0,1.7990804708220755e-13,0
0,1.0900084239661419e-25,0
0,2.6154175807448608e-11,0
0,9.720740663943333e-19,0
0,1.4040427714428066e-12,0
0,7.639697738055584e-15,0
0,1.1439151906308831e-13,0
0,1.871856238685941e-18,0
0,5.265364420562233e-18,0
0,2.6043394652363913e-19,0
0,1.7335933159203593e-16,0
0,3.7352819063046795e-16,0
0,1.4840230889282498e-19,0
0,1.065334861166168e-14,0
0,6.705739341492092e-11,0
0,4.341180689737011e-13,0
0,1.3169487776448426e-11,0
0,8.318050280872997e-09,0
0,2.2942774309441655e-20,0
0,2.1538189247690988e-16,0
0,9.45668260744516e-16,0
0,3.765016233898579e-17,0
0,6.431376061045285e-19,0
0,4.7883427463658e-10,0
0,6.041611722459392e-26,0
0,1.659787804982328e-13,0
0,9.387254491552725e-22,0
0,9.96950495852925e-22,0
1,0.9994382026252746,1
0,2.6164082165092518e-17,0
0,1.3301071787199404e-13,0
0,1.519010652542997e-15,0
0,1.8463954239582574e-09,0
0,6.074052235599327e-08,0
0,1.1942101715384462e-25,0
0,6.784957675669348e-11,0
0,5.552132188827592e-18,0
0,2.0452825014614513e-10,0
0,1.2914603264680414e-15,0
0,7.147022840403233e-20,0
0,2.1123120166950804e-21,0
0,9.743002832490065e-19,0
0,8.562909678208834e-19,0
0,1.4506751691824374e-15,0
0,5.551613264896467e-19,0
0,2.251452472078739e-18,0
0,6.144535456688574e-11,0
0,1.9377390458522914e-24,0
0,2.668860691649865e-15,0
0,3.221692737758701e-18,0
0,0.00012305325899814254,0
0,1.2709563271901065e-16,0
0,1.906389162440834e-20,0
0,1.249298685170275e-16,0
0,7.689394724680465e-18,0
0,1.6337617907122562e-15,0
0,2.763181272292955e-07,0
0,1.3676336470786887e-09,0
0,5.457206451320044e-17,0
0,1.1511845504326167e-08,0
0,1.2467259528644316e-15,0
0,7.948958735909224e-18,0
0,2.422991918003394e-13,0
0,3.4604221488885395e-25,0
0,8.100823015492658e-06,0
0,6.140624287132095e-21,0
0,1.3620257335711464e-19,0
0,3.2854584138053616e-20,0
0,7.105661571407289e-17,0
0,5.078939515273327e-15,0
0,8.710669035189046e-23,0
0,5.520098740823686e-11,0
0,1.429699921698137e-17,0
0,1.3198913866974178e-07,0
0,3.358812969597952e-24,0
0,4.4330177241433634e-20,0
0,1.4009088459623566e-07,0
0,8.849432668691163e-18,0
0,1.2170645795869162e-13,0
0,2.492361979234189e-28,0
0,4.2790362930431673e-10,0
0,2.0868477798110424e-05,0
0,3.875219280306281e-27,0
0,9.56407144180391e-09,0
0,0.000487765626707287,0
0,1.278279663631149e-19,0
0,5.060200688992078e-11,0
0,5.559022522739154e-20,0
0,3.459389615450544e-11,0
0,1.7893031522171002e-20,0
0,5.920297805500588e-20,0
0,7.15584696208027e-15,0
0,9.557265432080398e-19,0
0,4.206630076810594e-17,0
0,5.272588534246451e-20,0
0,4.237999996648104e-13,0
0,8.309815813862211e-14,0
0,6.1569488891766405e-22,0
0,1.957153257498787e-21,0
0,6.077623682578238e-18,0
0,2.820742949998592e-21,0
0,9.197171817357247e-27,0
0,1.028801125014214e-20,0
0,2.008162219725697e-13,0
0,1.5291910515976208e-17,0
0,5.8574149025177906e-15,0
0,1.3491960386848163e-07,0
0,5.843849456300401e-20,0
0,4.030948603875096e-25,0
0,3.337749004616241e-20,0
0,6.303500303441287e-24,0
0,4.814768539752224e-21,0
0,3.0884780514652374e-16,0
0,8.31541506813554e-13,0
0,3.0636863825438713e-16,0
0,3.958326234635393e-21,0
0,9.75442559662459e-20,0
0,6.982505203523843e-15,0
0,1.6463335041752577e-14,0
0,2.3517901323210275e-12,0
0,4.981569690538072e-25,0
0,3.3998373947249034e-10,0
0,1.3637345793894664e-10,0
0,1.5722594363115737e-21,0
0,1.1136040207545525e-23,0
0,1.6757347212721e-18,0
0,1.2918655027825883e-19,0
0,1.9743574298729127e-17,0
0,1.2603870991844623e-25,0
0,3.077547098086498e-23,0
0,1.211139397928667e-18,0
0,9.289703168166992e-13,0
0,1.0251231473427824e-15,0
0,1.8600729515740986e-14,0
0,2.0015692691861466e-17,0
0,2.494833493388513e-10,0
0,1.2311183130069388e-19,0
0,5.358493651516533e-11,0
0,1.8187463612737395e-10,0
0,1.4325526985134434e-20,0
0,5.851429109780312e-27,0
0,3.1206295443803684e-19,0
0,9.704919512060543e-11,0
0,2.3769150660515286e-17,0
0,5.943109505848332e-14,0
0,1.2648116094803327e-13,0
0,5.035858243032908e-11,0
0,1.379704574475395e-24,0
0,2.2691834408053498e-20,0
0,2.79150733771391e-23,0
0,6.020084456010717e-05,0
0,1.1882957653790902e-15,0
0,1.9347922399970886e-20,0
0,1.9391719485224793e-14,0
0,9.376424253453253e-19,0
0,8.34719748785004e-09,0
0,5.024561006026424e-18,0
0,8.326923658344787e-09,0
0,1.4119089568914838e-13,0
0,1.0739531274147412e-09,0
0,1.3578167621232924e-09,0
0,1.2149331128810228e-17,0
0,3.476626007250069e-11,0
0,3.57171575313634e-09,0
0,7.729177324227339e-19,0
0,5.0206716280855664e-23,0
0,2.406270762731556e-17,0
0,7.2141944210046974e-09,0
0,1.8249086822756875e-15,0
0,2.4438040268244226e-24,0
0,1.2394457349614725e-15,0
0,7.406959282574828e-13,0
0,3.151542633839993e-11,0
0,8.577452993332385e-27,0
0,2.7740007305269438e-08,0
0,5.960536313698632e-20,0
0,3.973006544849016e-13,0
0,1.5001254587618204e-12,0
0,3.1383794252010754e-17,0
0,1.0777403290667483e-21,0
0,1.0086273619385936e-11,0
0,1.7325680923355873e-16,0
0,8.517133573843669e-14,0
0,7.71863468186892e-19,0
0,1.7706441113009341e-15,0
0,1.608824252685647e-18,0
0,4.667999056415163e-06,0
0,3.663076086970549e-18,0
0,4.657052893343532e-22,0
0,3.4261172304004953e-26,0
0,2.4584655468292115e-21,0
0,3.942991221330565e-20,0
0,6.309955270090068e-15,0
0,7.277006905580157e-20,0
0,7.639516376423931e-22,0
0,2.6823946317307525e-14,0
0,2.0905565392670603e-17,0
0,7.394918170998922e-13,0
0,1.5608796086202377e-21,0
0,1.8739172206479314e-16,0
0,1.9315445168341957e-18,0
0,9.584736391956143e-15,0
0,5.38314699692404e-13,0
0,8.680250657376517e-10,0
0,5.805129209156333e-21,0
0,1.486279170160133e-09,0
0,6.891328091749312e-25,0
0,3.634410240745848e-22,0
0,3.318998580846664e-16,0
0,3.6997377121293617e-13,0
0,9.532827377023177e-12,0
0,1.458026604840518e-05,0
0,2.7261071835726066e-13,0
0,9.985925719398519e-20,0
0,2.6129413392923015e-18,0
0,6.81480640589523e-13,0
0,3.009896219191792e-22,0
0,1.5167664733586917e-22,0
0,9.523655879012805e-17,0
0,1.2599525329864145e-14,0
0,3.0438085229915856e-13,0
0,2.5793077383520067e-16,0
0,1.0106553112981265e-09,0
0,8.616435781646766e-13,0
0,5.513780693345406e-12,0
0,1.0226126304307316e-19,0
0,4.915733103034689e-22,0
0,1.330685385853419e-14,0
0,4.254271400512268e-18,0
0,1.4702457590872026e-08,0
0,2.9031605388926897e-18,0
0,7.730471025115249e-19,0
0,8.717187463254804e-22,0
0,5.298557585173842e-17,0
0,7.963217339572173e-24,0
0,8.273499713458597e-21,0
0,1.781843625552346e-17,0
0,3.893156050883153e-20,0
0,8.272388872460193e-21,0
0,1.8299646043936293e-18,0
0,2.0784874789136432e-08,0
0,1.8596018594662835e-18,0
0,5.131252902010132e-14,0
0,7.128842675566701e-14,0
0,7.121129635663991e-24,0
0,4.746185512005191e-14,0
0,2.5847444457602503e-18,0
0,6.225580588062126e-11,0
0,4.6633888050926796e-23,0
0,3.916558953240671e-12,0
0,4.717805602728349e-17,0
0,1.8818649661185791e-16,0
0,7.255786226055522e-21,0
0,1.016933933337595e-20,0
0,1.1362000089933063e-16,0
0,8.311047364595326e-24,0
0,6.510782381969799e-17,0
0,2.344499688924056e-10,0
0,3.878938340768618e-09,0
0,1.1011039602790614e-18,0
0,2.551858483780042e-24,0
0,5.3006068067111004e-21,0
0,9.957356348092988e-15,0
0,1.3350228808769016e-05,0
0,4.1497860022076377e-17,0
0,4.6254002744910265e-12,0
0,4.713304617409224e-13,0
0,6.1940031310941985e-21,0
0,1.8017931985664755e-15,0
0,9.338920209055366e-12,0
0,6.166048497799519e-17,0
0,1.1387969540718756e-19,0
0,2.336759829413258e-09,0
0,3.805985045809217e-14,0
0,6.769793426184373e-09,0
0,1.615423868206102e-19,0
0,2.3104203376591128e-08,0
0,8.587484270462576e-21,0
0,3.0591488150447047e-22,0
0,3.539471334481341e-19,0
0,8.222388871613277e-18,0
0,8.472424475744747e-15,0
0,2.575905774206366e-19,0
0,3.320309439120842e-20,0
0,1.8958046684691673e-23,0
0,2.9675762838587762e-24,0
0,5.40365599482428e-20,0
0,8.416964440336674e-15,0
0,2.068475220520638e-12,0
0,8.093020727728998e-19,0
0,2.737843396366832e-13,0
0,1.4052230555070652e-19,0
0,3.809705175480115e-14,0
0,1.0349798624823875e-11,0
0,3.971245895232525e-17,0
0,9.655442406258786e-12,0
0,1.6302176061198785e-14,0
0,3.3788222756423515e-10,0
0,3.87865627575041e-19,0
0,2.076893537988719e-08,0
0,1.10012062377882e-14,0
0,2.486438441503319e-11,0
0,4.01990887818775e-16,0
0,6.827081951361844e-16,0
0,7.53332260764707e-20,0
0,5.4611780808058274e-15,0
0,1.3944177335254635e-17,0
0,3.3879786704118123e-16,0
0,1.4561991076402313e-19,0
0,1.748726855015765e-09,0
0,3.8444590258522274e-18,0
0,8.70901217844967e-22,0
0,8.523257600590646e-25,0
0,2.2307632945285684e-17,0
0,3.961323904953393e-12,0
0,2.727521870031759e-16,0
0,5.5306261699212036e-14,0
0,2.1464556994764495e-23,0
0,2.6081825118035903e-20,0
0,1.6334153555202882e-15,0
0,8.583841861775108e-22,0
0,9.698916205389922e-22,0
0,1.7703628131957006e-19,0
0,1.5509980845665312e-23,0
0,2.594364102908343e-17,0
0,3.90609329066705e-09,0
0,2.0200760625590304e-17,0
0,4.2844818877113375e-14,0
0,1.1992863596451308e-22,0
0,4.862032226721011e-15,0
0,8.078788050088701e-08,0
0,6.826356082164827e-14,0
0,0.0024597766865400053,0
0,7.192714608774221e-10,0
0,1.7352274527542158e-14,0
0,2.1780394379103032e-14,0
0,9.754847213214401e-12,0
0,1.0927152678594602e-14,0
0,4.793074978181014e-17,0
0,3.121812550730569e-13,0
0,2.7230027456189925e-16,0
0,1.3054287928705902e-14,0
0,1.3323108831626765e-15,0
0,6.08995684866646e-18,0
0,7.983051175465445e-19,0
0,3.5794056526208016e-08,0
0,1.5935706359151503e-22,0
0,7.051798517350516e-17,0
0,4.52040533875988e-13,0
0,1.8149083059704588e-12,0
0,9.944817482386952e-26,0
0,7.828198731494067e-18,0
0,3.9501396872323266e-18,0
0,1.0136268094091466e-15,0
0,6.931507438570928e-20,0
0,1.5774587779297273e-14,0
0,6.637533490455358e-06,0
0,1.6540179545885153e-16,0
0,5.1524509180970665e-15,0
0,2.871056050195868e-20,0
0,3.824451502818868e-13,0
0,9.961606475960044e-17,0
0,4.079556092006076e-17,0
0,4.6381942525827564e-15,0
0,1.5472333779781308e-22,0
0,6.325427652220047e-13,0
0,1.1242309050600591e-15,0
0,8.727577037481777e-07,0
0,5.296193343283462e-07,0
0,1.9585332021475898e-23,0
0,9.78719539157406e-22,0
0,2.950541886675118e-18,0
0,7.658845397163415e-14,0
0,7.622132493712691e-19,0
0,6.014152972736189e-23,0
0,1.8426914393841483e-16,0
0,8.796787685179926e-09,0
0,8.28048661704013e-10,0
0,6.438856616826882e-25,0
0,2.432203570689572e-11,0
0,1.6813496566330283e-10,0
0,1.9197831985074314e-15,0
0,1.8795634547677254e-08,0
0,1.0095617633290593e-12,0
0,8.02207561400235e-21,0
0,1.0175540371746517e-15,0
0,1.851770441050068e-10,0
0,3.168078711977137e-08,0
0,9.317429321693017e-20,0
0,4.688686718211468e-15,0
0,1.8855204583580928e-15,0
0,2.469655171272027e-14,0
0,4.477677609153391e-22,0
1,0.8948423695926239,1
0,2.1196434213705634e-15,0
0,4.776812089289768e-10,0
0,1.1146587967986939e-11,0
0,2.9880152764746556e-15,0
0,8.006618303814769e-21,0
0,1.792571687168474e-24,0
0,2.3986708590405886e-21,0
0,2.6187515197868484e-07,0
0,3.775577663694708e-09,0
0,3.0113845395492696e-16,0
0,9.618150701242152e-15,0
0,8.393247068241323e-18,0
0,2.1076117779904736e-14,0
0,3.20129983460093e-14,0
0,2.4636524427648394e-19,0
0,5.257679981362452e-16,0
0,1.8875891144969156e-17,0
0,3.973383382493796e-09,0
0,1.8141947859766913e-17,0
0,1.0588275028967277e-16,0
0,6.061057154189563e-13,0
0,2.923842439365041e-18,0
0,4.2438327799847005e-22,0
0,1.4170533234729479e-11,0
0,2.261806020454329e-15,0
0,4.364339137475773e-12,0
0,1.1151981853883768e-10,0
0,2.059327635296232e-11,0
0,3.0006826857538626e-18,0
0,2.6775078703000127e-22,0
0,7.256240681634794e-20,0
0,5.804254264611943e-16,0
0,2.9325619920955964e-13,0
0,3.2633086791268113e-19,0
0,1.686007847345393e-15,0
0,2.6532178013135393e-21,0
0,5.8079044364687e-19,0
0,3.130262236879783e-20,0
0,1.8554102569348818e-16,0
0,1.425698048888134e-18,0
0,3.1419973838105286e-23,0
0,4.63218658666903e-05,0
0,5.675875580471732e-23,0
0,1.315484676055881e-10,0
0,6.897501074862814e-13,0
0,1.263516043384597e-18,0
0,5.200792658101605e-17,0
0,1.0013977802864905e-15,0
0,1.072600007062508e-14,0
0,1.0575824836040009e-21,0
0,8.775074380516764e-15,0
1,0.9274824664877618,1
0,1.0504520257643255e-16,0
0,1.1024927269782212e-15,0
0,7.732283099731629e-24,0
0,3.940142207720246e-21,0
0,7.619277165923693e-21,0
0,5.661013877937918e-13,0
0,5.085328285581725e-20,0
0,5.839183054710118e-22,0
0,1.3153481425416471e-18,0
0,1.746563196761894e-20,0
0,3.329310513987016e-20,0
0,6.156962245260572e-16,0
0,3.8990226141464674e-12,0
0,2.528616186773362e-26,0
0,4.2524060215829716e-21,0
0,3.726500296606346e-18,0
0,1.2441160724431805e-22,0
0,1.1874655073296985e-09,0
0,2.4636016682237344e-23,0
0,1.1676301377093725e-18,0
0,2.086358663111557e-19,0
0,4.7784490197512405e-14,0
0,3.8702547964211034e-18,0
0,8.812324029524855e-11,0
0,3.1606399054948276e-17,0
0,6.124610892712756e-13,0
0,8.839453689335878e-12,0
0,2.31434141772003e-22,0
0,1.690984051396939e-14,0
0,4.964930641038536e-19,0
0,2.019486267984779e-21,0
0,1.6425295904738752e-21,0
0,1.5401486228414764e-05,0
0,1.1458833245823393e-17,0
0,6.014185073581523e-08,0
0,5.124541328667224e-10,0
0,1.8651533133171523e-17,0
0,1.52435116044218e-14,0
0,3.3917581125996586e-16,0
0,2.3031863432260613e-22,0
0,8.246308293471475e-23,0
0,1.0341686348855023e-17,0
0,7.293870345169697e-14,0
0,1.8774868746178886e-15,0
0,1.2000550702893009e-09,0
0,6.830894820318077e-15,0
0,3.073984994891679e-08,0
0,1.6812410027054955e-11,0
0,1.8053905484840156e-24,0
0,2.2640221546680754e-15,0
0,5.478617133739253e-15,0
0,7.743303086376175e-19,0
0,4.30002682378794e-23,0
0,5.929479320710563e-18,0
0,9.210178304028576e-17,0
0,1.2525156614703958e-18,0
0,1.2459912333105663e-19,0
0,4.932630119483222e-27,0
0,5.875626812563265e-14,0
0,7.127296937317529e-21,0
0,7.226288813455052e-17,0
0,3.1173348450812326e-20,0
0,8.69290140686924e-23,0
0,1.3123189314295028e-20,0
0,5.860338621473804e-17,0
0,1.4119293708958486e-19,0
0,7.533626356438807e-27,0
0,1.6346263623213213e-13,0
0,1.6522971490690083e-11,0
0,1.8089045128274043e-15,0
0,9.207891379841052e-17,0
0,0.0012510726300522937,0
0,2.537115870833169e-22,0
0,2.565975556725139e-08,0
0,7.412358754440339e-20,0
0,4.408886649320581e-15,0
0,2.0706418522830876e-20,0
0,9.64581152912482e-15,0
0,4.057269702743468e-10,0
0,1.0730271161006846e-17,0
0,8.215775554629682e-21,0
0,1.3845758820614184e-20,0
0,1.3629716871201989e-05,0
0,8.724072354646119e-10,0
0,8.678360131009001e-17,0
0,1.4864472545984498e-20,0
0,1.7076295624161855e-20,0
0,8.486386642646999e-17,0
0,1.3281871038471847e-18,0
0,2.6054005645181833e-14,0
0,2.0222017420383097e-12,0
0,1.6304892461972627e-12,0
0,2.430880312905194e-21,0
0,7.851859807108293e-23,0
0,4.3926279771950734e-14,0
0,3.9679804120419685e-18,0
0,4.001648264007727e-20,0
0,9.26810755172712e-22,0
0,3.499168919666029e-21,0
0,2.0902366241812654e-16,0
0,1.1121645499705898e-06,0
0,1.3786296323225488e-11,0
0,1.11246619812557e-10,0
0,2.789105666369028e-18,0
0,1.110545456626323e-20,0
0,5.1457129700914844e-18,0
0,7.033880019430508e-19,0
0,4.336712827608557e-21,0
0,4.318519262316814e-24,0
0,3.0538670196134636e-18,0
0,9.938977068088886e-15,0
0,5.2314351270898644e-17,0
0,9.519296455266298e-19,0
0,3.106175609934929e-05,0
0,1.0929623302554827e-19,0
0,3.8271256246094624e-21,0
0,3.374442726540684e-18,0
0,1.280109504499263e-19,0
0,1.0185351461326843e-12,0
0,1.971178785405241e-12,0
0,2.3952699245654225e-14,0
0,1.8245018277501715e-15,0
0,3.807932361036121e-14,0
0,9.13386083704587e-21,0
0,1.8858535965159454e-21,0
0,2.3423063416616815e-17,0
0,2.7959600511546635e-17,0
0,1.507618392071279e-17,0
0,4.323833386784286e-17,0
0,1.4640047079685995e-09,0
0,6.704813998456837e-13,0
0,5.266613830844324e-07,0
0,3.540555310879605e-18,0
0,2.359165059361754e-24,0
0,7.452371388170377e-10,0
0,4.849186791197671e-14,0
0,2.218230948390992e-13,0
0,4.95699814011863e-09,0
0,9.344492585363402e-12,0
0,8.805179083443264e-13,0
0,1.0377666720547285e-20,0
0,5.718537152926086e-14,0
0,1.1104406041630892e-18,0
0,2.629554408421736e-25,0
0,1.2141812018986107e-16,0
0,1.0890653290190047e-16,0
0,1.2353901292673022e-07,0
0,2.5003131811946936e-24,0
0,1.7880365963138133e-19,0
0,1.6636205757318228e-17,0
0,1.9327173322365746e-12,0
0,4.048804128388123e-14,0
0,4.89629996729464e-19,0
0,2.1940801600708854e-16,0
0,6.2003742370086854e-18,0
0,5.4066467513677305e-17,0
0,8.387302458814858e-12,0
0,1.4218120004581962e-19,0
0,1.0036713516230795e-23,0
0,3.143616941408316e-15,0
0,1.8349360999602655e-19,0
0,4.2092169335824994e-11,0
0,6.23338314551971e-19,0
0,4.172828906404528e-15,0
0,8.511106158843746e-13,0
0,1.076050663250401e-16,0
0,3.408508086576968e-20,0
0,1.4880600405454836e-19,0
0,1.192965529089162e-22,0
0,3.6376105555195992e-25,0
0,6.206014759307842e-11,0
0,9.003423983493754e-18,0
0,1.1479419661402834e-13,0
0,6.139779072654414e-21,0
0,1.5662278590522735e-12,0
0,8.874012158420239e-19,0
0,1.0813254863643084e-18,0
0,2.489733284566327e-20,0
0,2.4075796317764017e-19,0
0,2.948629614679594e-22,0
0,2.0306223797662821e-16,0
0,6.998497954625999e-17,0
0,6.076996837489287e-18,0
0,2.3611081554317065e-20,0
0,2.1775676256373183e-13,0
0,2.7355480208011765e-14,0
0,9.170897539485549e-15,0
0,8.151778791090631e-16,0
0,3.100210607218471e-15,0
0,4.2246918114107453e-23,0
0,3.891226776745958e-18,0
0,6.145986905208625e-26,0
0,0.025310123109774152,0
0,2.843734347452642e-16,0
0,1.9842704845878457e-21,0
0,2.5593607001804455e-10,0
0,3.0281713514857167e-13,0
0,4.236980816507231e-11,0
0,3.092619362303245e-12,0
0,3.646321757093862e-15,0
0,9.856434639327735e-21,0
0,5.820650735845997e-09,0
0,2.1177981004385888e-06,0
0,3.2935536221985965e-20,0
0,3.4319262643776626e-22,0
0,1.009703380554016e-17,0
1,0.27270950562971624,0
0,2.3228127512009574e-22,0
0,2.48661197297742e-18,0
0,9.280465690823266e-13,0
0,2.48942701037419e-24,0
0,6.1435851123257516e-18,0
0,2.9580642584309383e-12,0
0,6.683552272382532e-09,0
1,0.45043950765397534,0
0,3.47770503626174e-10,0
0,5.669247660474197e-20,0
0,1.158646111825768e-17,0
0,1.1060232551788934e-22,0
0,1.564871654827927e-17,0
0,1.0052689956289268e-19,0
0,4.298136867266483e-16,0
0,3.60726261726234e-23,0
0,2.9326660947936156e-23,0
0,1.5881358818759033e-25,0
0,2.1796743812792746e-15,0
0,1.4006478938947525e-18,0
0,1.8236582720757988e-23,0
0,1.8920043087676756e-17,0
0,4.253412943345993e-15,0
0,7.731237112931093e-21,0
0,8.553589736932361e-18,0
0,5.433989977354278e-20,0
0,8.885414521761357e-23,0
0,1.2174198219800516e-24,0
0,8.3391256236052175e-22,0
0,1.4312431627482691e-22,0
0,1.8450086331115286e-22,0
0,8.87056710768807e-18,0
0,4.577885935078883e-16,0
0,9.317756127012522e-20,0
0,5.697878274827546e-21,0
0,5.903073285412276e-20,0
0,2.889365084637828e-14,0
0,2.70176579238716e-22,0
0,1.0800176124981242e-22,0
0,1.2650769871093437e-19,0
0,1.9764130124688125e-14,0
0,3.3850338285794786e-16,0
0,2.24030159692474e-16,0
0,1.4438234369535617e-18,0
0,2.456530822332831e-09,0
0,1.44936681355774e-08,0
0,3.490991580708165e-16,0
0,4.109890648907509e-19,0
0,1.2143116658055976e-20,0
0,9.027509542574506e-14,0
0,5.905440947677718e-20,0
0,5.209823708727201e-15,0
0,1.8951035371846596e-14,0
0,3.401847304173644e-20,0
0,4.157042812074155e-16,0
0,0.00011722488245154466,0
0,2.509585640533376e-22,0
0,3.47677901041491e-20,0
0,2.8820239978259177e-24,0
0,1.2243623725019917e-12,0
0,1.8581028830024924e-09,0
0,6.128180947993717e-12,0
0,9.043174343885906e-21,0
0,1.063923600228818e-16,0
0,3.2156980511173705e-23,0
0,3.326493647818972e-17,0
0,0.1748096446973909,0
0,4.002050368805914e-13,0
0,3.1313776896983926e-18,0
0,8.83937242794533e-12,0
0,9.031552206246689e-20,0
0,4.56652014380855e-21,0
0,1.4897277316079666e-22,0
0,0.00010632150396040035,0
0,2.1614260767585138e-15,0
0,1.600824119512347e-16,0
0,1.1144389429817553e-21,0
0,3.3514721013439633e-20,0
0,3.222453519178231e-18,0
0,1.9217434349539093e-18,0
0,1.26789201728424e-16,0
0,2.3643140918127262e-05,0
1,0.4995132089442397,0
0,3.1404326338237004e-22,0
0,8.98278098152322e-18,0
0,1.5756479119427306e-18,0
0,7.285678787552506e-19,0
0,2.830235289736529e-15,0
0,1.1605691000511613e-16,0
0,5.299806314602473e-14,0
0,1.3886110174649913e-20,0
0,1.4795872217509132e-24,0
0,4.667622457780456e-13,0
0,7.23097363011395e-18,0
0,2.3248103551604636e-13,0
0,1.4424456587029635e-19,0
0,1.5241240639099888e-16,0
0,2.0009140486504434e-14,0
0,1.846466346467666e-20,0
0,1.0241272309943873e-18,0
0,9.291606028088338e-15,0
0,9.931068861536872e-08,0
0,1.8661022265897964e-20,0
0,1.294599918766513e-05,0
0,3.366635517099311e-23,0
0,1.499582580792949e-16,0
0,4.808769776642463e-27,0
0,8.325252082206319e-12,0
0,1.3597598986360764e-21,0
0,6.277358956103105e-13,0
0,1.3589892053097682e-22,0
0,1.5162498777296182e-10,0
0,2.872091270703005e-14,0
0,5.970631979878204e-19,0
0,6.035156605906154e-20,0
0,3.980643593657316e-11,0
0,3.269622937025896e-12,0
0,3.3932312652296704e-15,0
0,1.1185962991657164e-22,0
0,1.0910286032632787e-23,0
0,1.4657826129538335e-23,0
0,7.390970220787861e-16,0
0,5.211748580017151e-13,0
0,8.545151227476025e-12,0
0,5.685983591195892e-21,0
0,1.4355972371052627e-16,0
0,1.6180837610303473e-12,0
0,6.928844003557499e-11,0
0,8.601144978956925e-18,0
0,3.178673991664183e-17,0
0,1.0304137942946552e-14,0
0,1.0076203122484762e-15,0
0,5.918368615466033e-17,0
0,5.194586835144738e-16,0
0,1.1491353753344583e-14,0
0,2.3306862831857284e-13,0
0,1.1823714179851685e-20,0
0,9.820763453153368e-19,0
0,3.089346991743471e-16,0
0,1.8480290597605502e-10,0
0,1.1580695848973939e-09,0
0,2.3073211952802048e-05,0
0,4.909615852626054e-09,0
0,9.341002632533824e-16,0
0,2.7233969338393677e-10,0
0,3.5229014110906904e-20,0
0,3.172471787498336e-15,0
0,3.678233109159047e-21,0
0,3.348983082277355e-22,0
0,1.502757942496894e-26,0
0,1.4602149932363035e-11,0
0,2.0888092122080443e-14,0
0,5.049835981618481e-19,0
0,2.2475136559642884e-18,0
0,4.118787504335452e-10,0
0,1.6305636035687184e-16,0
0,1.0962007404096499e-14,0
0,5.74903814158139e-14,0
0,5.629160793813946e-19,0
0,4.2591074266604496e-20,0
0,3.5300934667964228e-15,0
0,2.474104594595971e-17,0
0,1.0293650991589956e-08,0
0,1.9105665289757772e-14,0
0,2.093121480301749e-15,0
0,2.0022166446824087e-18,0
0,1.4921465435863207e-17,0
0,3.5512197103376364e-19,0
0,2.2050068703194388e-21,0
0,5.609893088381723e-20,0
0,1.4664552531903084e-22,0
0,6.2314686283267414e-12,0
0,4.321812620114955e-15,0
0,5.6147143222614695e-14,0
0,1.938126403610508e-12,0
0,4.536881030981938e-12,0
0,3.7034664215757853e-11,0
0,4.899666315710859e-22,0
0,3.7855357900940944e-13,0
0,0.013483032728590688,0
0,7.272377630914554e-11,0
0,3.974973900031538e-15,0
0,2.123752227995426e-06,0
0,2.2708182028757874e-18,0
0,3.762180631775029e-13,0
0,1.5662180951507489e-18,0
0,6.6806541826706194e-15,0
0,4.792349968762851e-20,0
0,2.490221023248794e-16,0
0,2.273068691669152e-16,0
0,2.131678070963617e-12,0
0,1.7751021071747877e-24,0
0,2.493786773690529e-22,0
0,1.3376759402954464e-16,0
0,2.9705600714466647e-15,0
0,6.727930941876448e-18,0
0,3.8894630874081376e-17,0
0,1.7951378096117533e-23,0
0,1.0829909668567928e-12,0
0,3.729229037003902e-21,0
0,2.0091324262529707e-23,0
0,4.0633500933322506e-16,0
0,5.0718308035908703e-17,0
0,5.894114242780022e-16,0
0,2.401862596781195e-18,0
0,7.8629997126727095e-22,0
0,6.406547692680187e-19,0
0,4.919970364498574e-19,0
0,1.7053040909099896e-18,0
0,1.8996462505812703e-21,0
0,3.0607110411311557e-14,0
0,1.3217539152148494e-17,0
0,5.729283990449082e-16,0
0,4.584616919469942e-22,0
0,1.443361797789425e-16,0
0,1.9169466122088534e-18,0
0,8.951359500479036e-17,0
0,6.499982616283341e-15,0
0,1.754505898097388e-20,0
0,7.037755560463174e-22,0
0,1.3620633301802742e-20,0
0,9.057919138142318e-15,0
0,2.648281093787087e-20,0
0,4.3189080365085323e-10,0
0,6.426870945701716e-12,0
0,3.58884164371763e-14,0
0,6.498362082619912e-07,0
0,5.100527108132349e-15,0
0,2.1904181322294786e-12,0
0,9.548694112954506e-15,0
0,1.113515481329003e-19,0
0,1.2552973186749547e-12,0
0,2.5627087928710095e-12,0
0,3.404917255378686e-05,0
0,6.958366644866713e-18,0
0,1.011256916155025e-08,0
0,6.2644064764102045e-21,0
0,1.603406618911597e-20,0
0,6.209459506931988e-20,0
0,1.0663385563859972e-15,0
0,6.332927293649999e-22,0
0,3.0513670461311606e-13,0
0,3.4380843203413174e-21,0
0,3.5846631824089184e-19,0
0,6.918489356662459e-17,0
0,1.5681853005246592e-25,0
0,2.272221873300343e-18,0
0,1.4626802922646724e-21,0
0,1.5260334547522114e-26,0
0,1.413957438733332e-13,0
0,2.9144796874676003e-19,0
0,8.808167554394703e-20,0
0,5.030518543645308e-19,0
0,2.1357259576396674e-16,0
0,5.809238187447741e-16,0
0,7.045098576789797e-17,0
0,5.076056807374466e-22,0
0,1.36141780206768e-19,0
0,2.770227659432891e-21,0
0,1.2694351011422132e-19,0
0,1.7566878147328024e-21,0
0,3.820297038255447e-22,0
0,1.6466675376008557e-21,0
0,2.8240588753410515e-14,0
0,1.4044758171477785e-14,0
0,2.6302935590991676e-10,0
0,3.0266864464014343e-18,0
0,2.8429687479722653e-27,0
0,1.0081878093942293e-20,0
0,2.9362660462256806e-22,0
0,3.645408057423858e-20,0
0,5.512164263824276e-10,0
0,1.91540097107394e-14,0
0,1.5746042652526948e-19,0
0,1.5166930324661948e-20,0
0,3.066763899943795e-10,0
0,5.298754393581288e-12,0
0,1.3233696961145503e-17,0
0,9.37763468311657e-19,0
0,1.4462360542853355e-08,0
0,1.5825515291119534e-16,0
0,3.578247829172018e-16,0
0,2.342738563127714e-20,0
0,0.00042685513710106094,0
0,2.7561590187407122e-14,0
0,9.611264422690415e-24,0
0,1.3077737267151132e-19,0
0,3.072895166690033e-17,0
0,1.1633133472164044e-22,0
0,3.3609665817700777e-22,0
0,3.1905831806080884e-12,0
0,6.650161730199344e-18,0
0,7.949852100464852e-15,0
0,9.555077115603317e-17,0
0,2.353841210897608e-16,0
0,5.2028364276841235e-14,0
0,6.948427470742609e-17,0
0,2.0190232198589475e-14,0
0,4.033389545650968e-18,0
0,2.4434794007919712e-23,0
0,2.293823396205451e-15,0
0,1.5379634266468108e-17,0
0,1.4984456387757235e-18,0
0,1.7139194526108096e-22,0
0,5.502881415852635e-21,0
0,1.9091565432105394e-13,0
0,7.229123992994302e-19,0
0,1.4643269649365695e-19,0
0,2.408533383960742e-15,0
0,1.5534042429512292e-23,0
0,4.394769568720481e-19,0
0,7.964317986446512e-14,0
0,5.96152411319207e-24,0
0,2.0181737733212668e-07,0
0,1.057410177110611e-10,0
0,2.5952149536792227e-07,0
0,5.200432668923569e-15,0
0,4.1472174497423555e-16,0
0,1.8013188760291573e-19,0
0,1.458739911610918e-06,0
0,1.2487414259781718e-12,0
0,3.913163830756964e-15,0
0,6.2518114779113766e-21,0
0,8.592598305202642e-25,0
0,2.423237328590952e-15,0
0,6.785451013590126e-09,0
0,5.73501501721134e-16,0
0,2.820927087051247e-14,0
0,2.2074807336215046e-15,0
0,1.525734470395247e-15,0
0,5.032619924432174e-07,0
0,2.166783964459994e-19,0
0,6.313076408241537e-11,0
0,1.0201978181981117e-16,0
0,5.543365599584573e-18,0
0,4.5970291057077214e-14,0
0,2.567932933235834e-22,0
0,4.063955541354033e-21,0
0,3.3726299385995083e-12,0
0,1.0197692248757934e-16,0
0,2.7586495917543898e-11,0
1,0.9938359928580721,1
0,8.803989844872297e-16,0
0,1.0920896127935698e-12,0
0,1.0806170224582803e-19,0
0,5.6982010473999e-12,0
0,6.932738387456535e-13,0
0,2.371529782953291e-19,0
0,1.0025562163035454e-18,0
0,0.007824406513686327,0
0,1.847762294502352e-09,0
0,2.800026388624356e-17,0
0,3.108064430711677e-12,0
0,3.3347017670494693e-10,0
0,1.5177562867580853e-15,0
0,9.084720748283509e-11,0
0,4.975522103494215e-14,0
0,8.518501398365519e-20,0
0,1.3376285800009022e-14,0
0,1.1974723864194642e-15,0
0,2.1174326587196082e-12,0
0,1.3547475731083504e-15,0
0,2.959136669958723e-15,0
0,7.933146619163511e-10,0
0,1.1879393809591587e-12,0
0,1.2828297361187408e-18,0
0,7.746541286406517e-17,0
0,6.753193623755075e-18,0
0,6.143277530025765e-13,0
0,2.452278487173186e-15,0
0,1.0303192887275536e-17,0
0,2.0515368646245761e-22,0
0,3.9825902720625065e-17,0
0,1.5128157958890654e-10,0
0,1.2641144288386166e-25,0
0,3.65349686707377e-12,0
0,4.133329507276735e-20,0
0,3.1257665194918917e-16,0
0,5.226716868349182e-13,0
0,8.073841878127634e-16,0
0,1.6602933223861273e-22,0
0,3.0888225552560777e-22,0
0,3.704091977731394e-12,0
0,1.8384584483633034e-14,0
0,6.601979648996111e-14,0
0,8.913700047658322e-21,0
0,8.571527480060286e-18,0
0,4.5827973943431715e-07,0
0,1.064111822638983e-18,0
0,4.163185825832951e-15,0
0,3.6832898117898016e-17,0
0,6.764240231001361e-18,0
0,1.6880788336832297e-22,0
0,2.4476289573473788e-17,0
0,4.6178391916241505e-15,0
0,7.005650918487641e-17,0
0,7.480610852755328e-16,0
0,7.239594732205594e-17,0
0,3.7588094313748016e-22,0
0,1.37083488321411e-14,0
0,6.566573727155926e-17,0
0,8.142879112448459e-19,0
0,1.5396801421048258e-17,0
0,2.7724694246385995e-15,0
0,5.405821660518477e-22,0
0,6.926205319385965e-15,0
0,1.0602520113372674e-15,0
0,8.25384060701902e-18,0
0,4.76045155546483e-25,0
0,1.6398892986470488e-10,0
0,2.4977357936872795e-23,0
0,1.8595650895163482e-20,0
0,9.120583672079425e-22,0
0,3.1154000968569175e-12,0
0,1.5957148139097894e-07,0
0,8.209211056876812e-22,0
0,9.622475740564305e-13,0
0,1.1675125373758152e-16,0
0,1.6166920441512687e-19,0
0,2.290511771981849e-15,0
0,1.7009181143169492e-20,0
0,3.408308717085751e-11,0
0,2.2426842696065212e-14,0
0,4.780425292681536e-15,0
0,2.3653755071559587e-25,0
0,1.962751233253853e-11,0
0,6.0289764427439724e-18,0
0,1.4306847222157186e-12,0
0,2.4735676003803388e-16,0
0,3.946043294987148e-18,0
0,1.8692249783554565e-18,0
0,6.362982835391365e-13,0
0,6.136827634044896e-24,0
0,9.10521209786455e-16,0
0,2.4486577713796793e-13,0
0,1.8045976591830072e-13,0
0,4.073963996205922e-19,0
0,4.232520356580447e-18,0
0,4.421583149029214e-07,0
0,2.7666166761058727e-14,0
0,2.399773235696192e-13,0
0,4.712770604678947e-13,0
0,3.9504279394301315e-08,0
0,9.791475344662325e-11,0
0,6.59529562104472e-22,0
0,9.505899948895749e-13,0
0,2.7268778041819197e-11,0
0,4.096592229738715e-23,0
0,3.201296784150909e-18,0
0,1.354117321816283e-12,0
0,3.825381291099737e-18,0
0,3.843708096272433e-23,0
0,2.9000273889255056e-23,0
0,7.776524762666421e-15,0
0,1.4556469377714185e-20,0
0,1.263585444687062e-17,0
0,6.384680671777443e-21,0
0,4.6232100354820785e-21,0
0,1.2533405119437773e-16,0
0,1.0605979339172796e-20,0
0,4.345830048412451e-24,0
0,3.0245178204183657e-13,0
0,2.0372852575180506e-16,0
0,1.559850979957206e-11,0
0,1.435295109059686e-14,0
0,9.029784239258959e-13,0
0,5.313024617277087e-17,0
0,4.021577690568849e-24,0
0,1.5629082423211125e-16,0
0,1.45009951607127e-17,0
0,4.918735518881848e-15,0
0,1.7871099235900286e-17,0
0,4.35135594947646e-19,0
0,1.0241258441013074e-21,0
0,2.6848643337214686e-11,0
0,5.54549936662684e-13,0
0,2.779664949978005e-18,0
0,3.668023235897947e-20,0
0,1.2186762461468035e-16,0
0,6.467968370064215e-13,0
0,1.1744068136446368e-14,0
0,1.5380451687411214e-17,0
0,1.127944671374277e-15,0
0,5.187915547901949e-19,0
0,1.4775431516241968e-14,0
0,1.974682475471966e-12,0
0,8.049968771360871e-14,0
0,5.4773696449814756e-21,0
0,1.2401998429065242e-25,0
0,1.913705424291329e-08,0
0,1.1067113920670179e-12,0
0,9.814988104329674e-16,0
0,7.90179807936699e-21,0
0,3.5251757696641685e-21,0
0,2.749858405929462e-14,0
0,4.783317535804176e-24,0
0,2.1570543392127613e-14,0
0,6.279584521164247e-13,0
0,1.0100682041840218e-14,0
0,3.8376139431107293e-13,0
0,5.869473068498048e-11,0
0,5.2057523258557964e-08,0
0,5.359535835223066e-13,0
0,5.812644415644122e-12,0
0,1.022327557780263e-20,0
0,6.799340736971277e-15,0
0,2.1948034029702414e-21,0
0,4.0576041187096143e-14,0
0,1.188739859614825e-18,0
0,1.5188601843951262e-13,0
0,1.7816278985032504e-17,0
0,2.1084824712570313e-19,0
0,2.496437990740386e-14,0
0,3.7064319432767215e-16,0
0,5.437340056295673e-12,0
0,3.812263339382616e-21,0
0,1.0280486262991818e-15,0
0,2.059541613022293e-19,0
0,1.5733584478173387e-15,0
0,3.6333150823498865e-08,0
0,4.3127987290605266e-23,0
0,2.8478993646876977e-06,0
0,5.881829620450446e-14,0
0,6.8278510956880965e-18,0
0,1.415599453620438e-16,0
0,5.925240167494503e-19,0
0,1.4862050192708958e-15,0
0,1.3269983980159842e-11,0
0,4.269083857092702e-17,0
0,1.944620039440597e-13,0
0,1.1165724483917573e-19,0
0,2.471863853004008e-19,0
0,3.6836790863102705e-12,0
0,1.2992788647273205e-15,0
0,2.0204314992508867e-12,0
0,5.81866778803351e-18,0
0,1.8657771845931118e-22,0
0,3.7292446380351183e-19,0
0,3.721060620521711e-11,0
0,3.674833933659081e-17,0
0,2.680141545580943e-22,0
0,9.987867229184549e-17,0
0,1.2716788534387216e-15,0
0,9.35208917727396e-16,0
0,6.806196702142425e-15,0
0,2.0906559920261956e-14,0
0,9.796664314060976e-24,0
0,6.144650289853479e-15,0
0,5.328256619364959e-09,0
0,4.499999538447713e-11,0
0,2.6424667542220724e-26,0
0,4.989491404587566e-12,0
0,1.2954145439469556e-13,0
0,3.9717294122256805e-20,0
0,3.543122625301536e-24,0
0,4.457372504221687e-20,0
0,1.4593196642531697e-25,0
0,3.151648934158397e-18,0
0,1.075050115549675e-22,0
0,7.425389066128913e-26,0
0,9.942462580715871e-20,0
0,3.6029603801975753e-12,0
0,1.1637427370267274e-15,0
0,3.435546410968135e-05,0
0,1.8641684563522038e-15,0
0,2.5503014278117448e-18,0
0,1.7809073247381724e-13,0
0,1.5924185216792039e-24,0
0,4.851972145382497e-21,0
0,6.813540727071014e-13,0
0,1.7605872694447085e-18,0
0,3.4079638194761676e-19,0
0,2.2866818318395605e-11,0
0,4.222173189263544e-17,0
0,3.481998887058599e-08,0
0,9.681548979178559e-17,0
0,3.1591789404635707e-09,0
0,2.4790807731594802e-17,0
0,1.5303724797568904e-20,0
0,2.4100659701251068e-14,0
0,4.1949938237029017e-17,0
0,3.111892691950241e-14,0
0,0.0015576258858977276,0
0,1.4202207706805253e-11,0
0,1.541968649205878e-22,0
0,3.855372840190118e-14,0
0,2.2314355548791853e-18,0
0,4.482871191824361e-17,0
0,7.636499911316886e-16,0
0,3.5928351465538247e-16,0
0,6.020065929592888e-21,0
0,1.1165568829157992e-15,0
0,2.7236239864211594e-19,0
0,6.399804379279441e-26,0
0,5.1290351462904194e-21,0
0,3.520130775454556e-17,0
0,2.7220567262385876e-10,0
0,2.8448889219396236e-26,0
0,1.5294400432268305e-24,0
0,4.470231532168711e-18,0
0,3.688070085953455e-14,0
0,1.6694449399662173e-18,0
0,4.3925961432935586e-17,0
0,1.2960995725424037e-13,0
0,4.846260196736753e-16,0
0,3.556039950564954e-18,0
0,9.316021677275826e-16,0
0,1.4127186628034238e-23,0
0,1.0406102561881966e-08,0
0,1.2782893623134523e-08,0
0,2.317285686973919e-26,0
0,3.6130209495404484e-19,0
0,6.654765574020124e-12,0
0,3.1137492419517944e-15,0
0,1.6518410791972476e-16,0
0,6.314907012145411e-14,0
0,7.562020554212308e-17,0
0,8.243006491668869e-19,0
0,2.1510256647297235e-05,0
0,4.869749250831192e-14,0
0,3.77596415567939e-12,0
0,1.849172803195939e-12,0
0,6.532383648355702e-09,0
0,9.125339960455234e-20,0
0,1.9117936858882548e-14,0
0,2.805441942174176e-19,0
0,4.893398755895589e-19,0
0,3.169687639511984e-15,0
0,2.4030548779518877e-15,0
0,1.949282905741805e-20,0
0,8.936651209274666e-17,0
0,2.788035561204655e-13,0
0,3.443875087478253e-20,0
0,0.0031355819746807815,0
0,1.6956882117167153e-11,0
0,1.8829397860926293e-08,0
0,7.513138236212897e-17,0
0,4.4877935751582866e-14,0
0,8.121370947760619e-22,0
0,1.571868218834915e-14,0
0,1.4168065610341823e-20,0
0,1.7687177848245383e-17,0
0,1.6304072989695362e-06,0
0,7.711103054679739e-19,0
0,9.502127478653742e-16,0
0,6.759861917319581e-09,0
0,1.0335107141197701e-22,0
0,6.406183704786718e-13,0
0,6.436920669908438e-18,0
0,3.944114811453531e-10,0
0,3.632563607008647e-23,0
0,1.1906578386580878e-18,0
0,1.3256156257749292e-06,0
0,1.5198609062181624e-11,0
0,0.1566709388389169,0
0,4.639923049918682e-16,0
0,5.084936957510011e-12,0
0,4.510741287918321e-22,0
0,4.5514703041458495e-15,0
0,1.825578045661907e-14,0
0,4.094086782095365e-18,0
0,0.00015848357489519122,0
0,5.917614617755131e-10,0
0,8.371507902023071e-19,0
0,3.3011240626892653e-24,0
0,2.4810514618502876e-16,0
0,1.1881475671638412e-08,0
0,7.879782257713072e-05,0
1,0.49111380776378155,0
0,3.345132907320844e-11,0
0,1.0419444882613604e-24,0
0,1.353957397295824e-08,0
0,2.776381048132501e-18,0
0,2.766441907039522e-12,0
0,5.634692838861038e-18,0
0,9.095317434851676e-17,0
0,8.777678696572336e-14,0
0,6.7581875434302134e-12,0
0,3.0420172799494096e-08,0
0,6.168350548632907e-17,0
0,1.1265568898340033e-16,0
0,1.3475477774186108e-20,0
0,3.287282551785115e-18,0
0,1.675517672971854e-11,0
0,3.0990590184022216e-17,0
0,1.4526349130339215e-05,0
0,2.8575102718175e-25,0
0,1.9447533624845754e-17,0
0,2.7146089986790035e-18,0
0,8.305922927862631e-20,0
0,2.742735691735656e-15,0
0,2.2044161684949957e-08,0
0,0.0022495689413377855,0
0,9.010062304688452e-16,0
0,1.1038089602334979e-13,0
0,4.885000511104308e-20,0
0,3.093953935354909e-11,0
0,1.827772188808686e-20,0
0,1.014150196097855e-08,0
0,2.0024301551974598e-12,0
0,1.4289129456975035e-26,0
0,4.516246653974865e-25,0
0,6.925112213508008e-06,0
1,0.8749629334094153,1
0,1.4067606307797048e-08,0
0,2.942895077924895e-09,0
0,2.433935389674107e-14,0
0,0.007738931111351154,0
0,7.252747204346685e-09,0
0,4.253531882058035e-20,0
0,8.181186961874172e-19,0
0,1.3031764575499402e-13,0
0,1.6339075933337046e-24,0
0,5.785074602629323e-17,0
0,2.349540912591596e-22,0
0,1.6312264583031332e-16,0
0,1.4261112719114427e-13,0
0,2.9900306914363107e-24,0
0,1.1504931390274021e-08,0
0,3.2988434806382304e-10,0
0,1.6271472643909375e-17,0
0,1.0484267838135205e-11,0
0,2.9187445380834216e-15,0
0,8.395817491095434e-22,0
0,0.000529124068973917,0
0,5.661017694282073e-13,0
0,0.000324650303333436,0
0,1.7480213694478247e-19,0
0,5.496605987098407e-14,0
0,3.146069468656635e-15,0
0,1.7155685952601373e-18,0
0,1.0112792425365674e-19,0
0,4.541715626557531e-22,0
0,3.666570006266087e-20,0
0,4.6006271089837045e-19,0
0,2.0623372118501913e-16,0
0,1.967874765091925e-19,0
0,1.4220483829948145e-24,0
0,4.381333157866754e-22,0
0,2.164657839347399e-16,0
0,8.699909982757786e-15,0
0,2.584461351022534e-14,0
0,5.01761182787951e-24,0
0,8.45465730146756e-17,0
0,6.933490902346295e-06,0
0,7.146124169366365e-17,0
0,1.6095342139125688e-14,0
0,9.32114603459628e-09,0
0,1.1085215613817876e-10,0
0,2.1613917909982619e-10,0
0,2.7375294444198947e-08,0
0,6.140786860886552e-15,0
0,4.003645662717261e-13,0
0,1.1837010427272623e-08,0
0,1.2872351559273185e-16,0
0,9.777637518160334e-26,0
0,4.908668634972294e-23,0
0,9.362616233384767e-14,0
0,4.1187162223452055e-17,0
0,8.33992151156615e-19,0
0,5.760450835696928e-14,0
0,7.378017737699154e-18,0
0,2.2810060819380563e-10,0
0,1.6292083399131667e-12,0
0,1.5949712198813105e-15,0
0,2.4312519534025927e-19,0
0,4.2648460929611217e-16,0
0,1.3035661551763025e-13,0
0,1.7868830792452605e-16,0
0,1.1531837072857093e-14,0
0,1.0411350512136008e-20,0
0,5.636615922173879e-18,0
0,8.41192431301745e-13,0
0,3.2576698630937674e-16,0
0,8.484058175158492e-19,0
0,8.546097750835691e-19,0
0,2.1529032260293566e-16,0
0,3.177972444590605e-19,0
0,1.1825736093026451e-15,0
0,9.534000400334673e-15,0
0,1.1484431446206578e-07,0
0,1.0944557889125225e-15,0
0,2.2210688046909234e-18,0
0,1.932725442566273e-23,0
0,1.769388410073842e-18,0
0,1.3516777996672433e-16,0
1,0.9990600295985499,1
0,3.8670613020897734e-10,0
0,2.1358536875839256e-18,0
0,2.3633569972554534e-11,0
0,1.726351970133311e-17,0
0,2.0192636162579532e-11,0
0,4.626007519437369e-11,0
0,7.839152921530345e-17,0
0,3.758306488264027e-17,0
0,1.8009364566244282e-19,0
0,1.217718403581266e-14,0
0,5.708459643767629e-15,0
0,6.046127629755643e-24,0
0,4.6575886234326966e-05,0
0,2.8048933421733042e-15,0
0,3.2234734541081094e-16,0
0,3.0287986733298416e-19,0
0,1.1350130546453726e-18,0
0,1.326627803586448e-17,0
0,0.21965706700624013,0
0,6.751229076548691e-13,0
0,1.7296447870314022e-13,0
0,9.018364832215835e-14,0
0,6.578697059634819e-13,0
0,2.6571123880833623e-13,0
0,1.2688422521205417e-12,0
0,1.4575579565925086e-15,0
0,1.9219639692170507e-11,0
0,7.434942571193642e-22,0
0,1.5473050141943218e-18,0
0,4.0291958233355165e-14,0
0,1.1227108136063587e-20,0
0,5.894141830872365e-12,0
0,1.534864330462254e-16,0
0,0.017940633212533863,0
0,2.3872905521116713e-12,0
0,5.886432238710658e-15,0
0,4.434871357662215e-20,0
0,2.202417528594774e-22,0
0,3.8777936599876706e-16,0
0,4.4276143288103774e-13,0
0,1.751941909196694e-20,0
0,8.399188166529459e-14,0
0,1.471101201858161e-17,0
0,1.527220552124364e-12,0
0,1.971173545855559e-15,0
0,9.304159339904957e-23,0
0,8.844988018984587e-16,0
0,6.767107434961634e-05,0
0,7.514344086892529e-22,0
0,4.550034316558481e-15,0
0,7.426250231723758e-14,0
0,4.304705578794119e-14,0
0,1.5883724178531983e-13,0
0,1.7694064001662852e-17,0
0,3.9138126117091716e-23,0
0,6.397816907139845e-15,0
0,3.282847090724631e-17,0
0,1.0937869243558206e-20,0
0,9.925672099659242e-17,0
0,1.2585114965242613e-12,0
0,1.4689659728768892e-13,0
0,1.4027278706696103e-06,0
0,8.873330960766894e-13,0
0,0.0002025902978887762,0
0,3.751317810208687e-18,0
0,7.649687049295586e-16,0
0,1.2195207804698803e-11,0
0,7.32309926303256e-24,0
0,0.0006244715450276393,0
0,1.0361619136977872e-12,0
1,0.9256216894614145,1
0,5.988011869343102e-14,0
0,1.0038460762251526e-12,0
0,5.117052727447834e-12,0
0,3.226847709447729e-08,0
0,3.6350167632770402e-12,0
0,1.1178232398059365e-14,0
0,1.728793067348118e-25,0
0,1.486547021688069e-16,0
0,3.927648907084608e-09,0
0,3.2834878872803626e-19,0
0,1.1877018936252581e-11,0
0,6.96070324259935e-16,0
0,5.972241199123886e-11,0
0,3.6012516949210656e-23,0
0,1.9912711342293427e-17,0
0,1.6801118830756924e-15,0
0,6.345343951627497e-19,0
0,1.816209053031916e-22,0
0,1.9705458405647402e-20,0
0,5.852006045780893e-15,0
0,4.397004019386966e-22,0
0,7.531898706570578e-14,0
0,1.4550122025209954e-13,0
0,6.663632188362631e-24,0
0,1.813559961350693e-11,0
0,9.156519807638645e-17,0
0,3.75858518910401e-20,0
0,7.102232204554964e-22,0
0,1.5042505294022299e-12,0
0,9.068166897647416e-18,0
0,1.2415891313076215e-21,0
0,5.647061134464979e-07,0
0,3.893521635032136e-12,0
0,3.613225973798128e-17,0
0,8.471334391204933e-10,0
0,1.1335411787119572e-16,0
0,0.00022498611998886543,0
0,1.0611878746401423e-11,0
0,5.582951848515825e-13,0
0,1.367346545127489e-14,0
0,2.4529723113840782e-14,0
0,2.284930006514718e-18,0
0,2.77659983301918e-22,0
0,5.483896650001205e-22,0
0,1.6981171798720648e-23,0
0,8.283456452725826e-11,0
0,4.976246711329044e-23,0
0,2.955880491242152e-18,0
0,3.195041237897857e-18,0
0,3.768153763027944e-14,0
0,1.6504289156536462e-14,0
0,1.1916415684992977e-16,0
0,5.60419622667984e-20,0
0,5.860102126455475e-13,0
0,5.774658028379775e-14,0
0,6.227036513441328e-11,0
0,6.688464798655372e-16,0
0,3.3754647661667855e-20,0
0,1.792702366274397e-18,0
0,1.7971235877391505e-19,0
0,6.228940666613598e-17,0
0,1.0453571977693749e-14,0
0,2.5298229227118163e-16,0
0,2.556976448974139e-15,0
0,1.2321183502452872e-12,0
0,5.829349405886501e-21,0
0,9.46417422963489e-22,0
0,2.4617444106598356e-19,0
0,6.084802155861449e-19,0
0,1.9302483553268543e-17,0
0,2.2719834921062563e-15,0
0,5.791605987652056e-19,0
0,1.6751670958302833e-12,0
0,1.5694356530886055e-20,0
0,2.6306141773648275e-08,0
0,3.470620462380011e-18,0
0,0.0003064246246544432,0
0,3.63254562598076e-19,0
0,2.851147587433927e-17,0
0,6.065528450007503e-25,0
0,1.7714464709214847e-18,0
0,2.989216479089487e-19,0
0,7.008849580546979e-19,0
0,4.259534184488515e-21,0
0,2.726536709977632e-16,0
0,4.819732634129177e-19,0
0,4.573504963103917e-10,0
0,7.627689508956986e-13,0
0,3.0156155002018955e-13,0
0,3.783929530610244e-21,0
0,3.543859460418113e-20,0
0,0.0011444295448470574,0
0,1.6945951709686338e-12,0
0,1.522242028075693e-17,0
0,1.0618331338530248e-10,0
0,8.338884995399677e-12,0
0,1.2278731549046043e-17,0
0,3.163396900131669e-17,0
0,6.439553424303572e-18,0
0,5.522961545671387e-10,0
0,2.945139734889608e-16,0
0,5.207163586952732e-21,0
0,1.5434576436549337e-16,0
0,1.9125510349408956e-14,0
0,8.512142410719856e-19,0
0,0.02122641096551686,0
0,3.18899486492911e-21,0
0,3.1287015379945825e-09,0
0,2.045945991852082e-11,0
0,6.2268612822991135e-12,0
0,9.997672506522296e-16,0
0,4.1070625911706374e-05,0
0,3.500051400903261e-18,0
0,4.9954029981317104e-11,0
0,9.993057256523884e-25,0
0,9.320520945788926e-22,0
0,2.4165406251152506e-23,0
0,9.621081764594761e-24,0
0,7.885784680841512e-21,0
0,4.206992434540199e-20,0
0,5.926317300437977e-11,0
0,2.1122582519392598e-22,0
0,4.4111522223757485e-22,0
0,4.300811822462961e-14,0
0,2.2379039669146558e-18,0
0,3.680067324667535e-15,0
0,2.299192281599488e-13,0
0,1.275863515713207e-14,0
0,1.761472040215625e-10,0
0,1.449330901706048e-17,0
0,4.1596466549701954e-13,0
0,9.087221019661627e-19,0
0,7.373949396837808e-13,0
0,2.676696763603768e-14,0
0,2.293131256091192e-21,0
0,2.5810458444021177e-19,0
0,1.465833348803128e-24,0
0,2.9682073103987145e-10,0
0,1.2593792752544604e-19,0
0,5.009532810441824e-19,0
0,0.0005359122828250986,0
0,3.075552192681927e-15,0
0,4.1861463376625005e-15,0
0,9.386301892726062e-19,0
0,1.9190384100303287e-18,0
0,8.165863865097563e-18,0
0,7.998458685245001e-09,0
0,1.6101056903334757e-18,0
0,4.7539303996576853e-26,0
0,3.684904181956398e-16,0
0,3.8119419664580534e-18,0
0,7.368045059568302e-15,0
0,2.150168805856697e-20,0
0,2.176479701810211e-19,0
0,3.3023560937079046e-18,0
0,2.4557046383729914e-21,0
0,3.379690775346093e-16,0
0,8.916185119590066e-16,0
0,4.563016410164495e-12,0
0,5.934528652729302e-14,0
0,1.7850498723451114e-14,0
0,1.0320325281529767e-09,0
0,8.028889221550487e-14,0
0,8.4986479909147595e-19,0
0,1.1276749146812159e-20,0
0,3.108306653244588e-15,0
0,1.222213114129286e-06,0
0,1.1258294348208269e-18,0
0,1.8104473294747703e-18,0
0,1.3234520841078016e-17,0
0,4.586778854633984e-10,0
0,1.462089349461391e-09,0
0,3.389734049146598e-20,0
0,1.9827979925386306e-23,0
0,3.37008943695984e-23,0
0,1.3525437315011653e-11,0
0,1.7108981850260204e-19,0
0,1.7745888259035985e-20,0
0,1.2312830725918134e-12,0
0,3.750016695850916e-15,0
0,1.1410102599328287e-19,0
0,1.1911410751792602e-13,0
0,9.740686714737866e-22,0
0,3.6592070275899824e-26,0
0,1.979564917846743e-11,0
0,1.3344169816737856e-16,0
0,3.2104409638064193e-09,0
0,1.0391569505389678e-18,0
0,2.2840576252946e-21,0
0,4.0669588227662325e-09,0
0,2.0471279347255873e-07,0
0,2.7257899279475266e-26,0
0,1.0563300917383537e-21,0
0,4.1328951665848035e-23,0
0,1.005243650288612e-22,0
0,3.803703106035652e-19,0
0,2.7096718634951058e-18,0
0,1.8310368411506765e-16,0
0,1.5260112922185163e-18,0
0,5.975688673803292e-21,0
0,1.3471669091196758e-11,0
0,4.6086788250286817e-11,0
0,5.921335956305137e-19,0
0,1.5455188921699924e-07,0
0,1.5914088015297374e-16,0
0,2.6520071023558773e-22,0
0,5.98548382698548e-15,0
0,5.660972348896428e-16,0
0,6.987579048185296e-16,0
0,3.121978600728121e-08,0
0,7.626172935158601e-19,0
0,1.4765727461108935e-10,0
0,2.9072111556979423e-12,0
0,2.5909860530935107e-09,0
0,2.3385421308506018e-17,0
0,3.266050903092309e-14,0
0,0.024326900788039913,0
0,6.672797572908205e-20,0
0,1.8912486580663e-20,0
0,8.446033652925138e-11,0
0,1.315393239198981e-22,0
0,3.600240953097841e-24,0
0,5.925516846661094e-22,0
0,2.4465173928910847e-15,0
0,9.460776734124407e-20,0
0,4.4454557417602756e-24,0
0,1.407472836513147e-21,0
0,1.337197194669775e-17,0
0,1.4285020200148424e-20,0
0,7.052897883114704e-18,0
0,3.7666248756557574e-20,0
0,7.347013772577377e-13,0
0,2.4283410866305184e-15,0
0,4.442458758591017e-22,0
0,1.8254716333769706e-17,0
0,1.0783517259684755e-06,0
0,1.243206528556387e-15,0
0,1.7724289950031215e-14,0
0,1.5380518520130103e-21,0
0,9.73804707096669e-19,0
0,1.32500578102191e-10,0
0,8.2195934548726e-15,0
0,9.089185497250178e-22,0
0,3.6678303649279364e-17,0
0,8.470381965371276e-17,0
0,7.641153204219197e-12,0
0,4.937147183250908e-21,0
0,1.164760143161665e-09,0
0,6.369568191147645e-13,0
0,6.863327672020106e-16,0
0,2.556278178818261e-26,0
0,3.180937634324642e-15,0
0,1.8158865653241978e-14,0
0,1.711762240193452e-20,0
0,7.464209678681893e-18,0
0,9.139537485609407e-19,0
0,1.4585540881666422e-12,0
0,3.607113969339974e-08,0
0,1.982685059032501e-07,0
0,1.1180015590795266e-16,0
0,8.324201011162192e-19,0
0,1.6561113968516158e-12,0
0,8.87835165083344e-22,0
0,1.3409274387857011e-21,0
0,1.5165588740389773e-18,0
0,6.477565142994059e-17,0
0,1.1535081399056127e-14,0
0,1.8263899383594888e-22,0
0,5.253918967124431e-26,0
0,2.3135368958380364e-15,0
0,7.724521229810282e-08,0
0,1.2106944216062735e-12,0
0,2.0022711591764952e-19,0
0,1.5348620541283281e-15,0
0,8.055392420815143e-13,0
0,5.508227332066473e-19,0
0,1.9029223020870313e-20,0
0,2.714909882170007e-16,0
0,4.988225576016467e-18,0
0,1.6946320459690382e-17,0
0,4.477834187761702e-23,0
0,1.2653955662541888e-09,0
0,2.780883183925581e-07,0
0,2.4914260053073045e-21,0
0,1.1837350578403542e-16,0
0,9.023540267492898e-21,0
0,1.0131207263189997e-19,0
0,1.7107537947924204e-09,0
0,3.7215337393819275e-21,0
0,3.786274390996306e-13,0
0,1.3157017594210682e-20,0
0,1.7730133126882495e-05,0
0,3.0337637800579033e-19,0
0,8.208942271800862e-15,0
0,8.001936002993402e-19,0
0,1.0020841693806935e-17,0
0,2.443421520467608e-17,0
0,2.175699107574193e-14,0
0,6.747327050234094e-16,0
0,2.851803863334959e-16,0
0,6.275781769236787e-21,0
0,4.569872304362612e-15,0
0,2.616698119295109e-11,0
0,1.0063716249534362e-15,0
0,3.064666022352514e-15,0
0,6.0506763645216086e-12,0
0,3.661885944752487e-15,0
0,3.6550657224080946e-24,0
0,1.0958163155005031e-12,0
0,1.661467444194431e-13,0
0,4.692641160185463e-17,0
0,4.7254886396716344e-17,0
0,2.8943777289494896e-14,0
0,1.6425099736743853e-16,0
0,4.969076403400224e-13,0
0,1.2802661742603578e-15,0
0,3.9425328465528194e-17,0
0,1.1359946399166264e-16,0
0,1.962598522298791e-07,0
0,1.2612746608548544e-09,0
0,6.0540719466573895e-18,0
0,4.584454870757265e-24,0
0,1.3140659692949714e-14,0
0,5.2757871264122954e-20,0
0,1.0960100655745336e-14,0
0,2.742975107500231e-10,0
0,1.4499450170668022e-17,0
0,2.748009339913876e-08,0
0,2.312674325419122e-19,0
0,1.8718848208082694e-14,0
0,4.179020173835165e-09,0
0,8.337813987630763e-17,0
0,0.0012775691331673937,0
0,1.0690201560828151e-10,0
0,1.1384615331383526e-05,0
0,5.057655629992649e-21,0
0,4.039459205716131e-17,0
0,1.095187350803056e-18,0
0,1.5440987905582176e-08,0
0,1.1626118333499612e-17,0
0,6.928167038926675e-24,0
0,7.497444287816588e-17,0
0,9.253849116558222e-15,0
0,5.256666802101156e-17,0
0,5.599836890574219e-26,0
0,2.484652686323172e-18,0
0,2.1675539743903347e-14,0
0,3.01138439151867e-10,0
0,7.32119390181008e-18,0
0,2.3542419330933868e-11,0
1,0.998784683258353,1
0,1.0137349076229599e-10,0
0,3.0114950486123766e-07,0
0,2.1260572859785938e-13,0
0,7.1820138260149614e-09,0
0,9.696858368856195e-12,0
0,4.559900961916109e-14,0
0,3.1812139991876926e-09,0
0,1.3590153206699208e-17,0
0,4.536679803244148e-05,0
0,6.812383112982382e-17,0
0,4.297462004507732e-09,0
0,1.9470095872481173e-22,0
0,9.914204836330605e-22,0
0,3.58407017738842e-10,0
0,5.167772737028292e-19,0
0,2.1867760510085086e-16,0
0,2.2190186269235965e-15,0
0,2.0029326623629637e-19,0
0,2.1150954093764747e-24,0
0,1.4041846411240938e-16,0
0,2.6724498653878806e-17,0
0,1.956329559718172e-12,0
0,7.970796858258407e-22,0
0,8.799632609334779e-13,0
0,3.6523643127831287e-17,0
0,3.487865460837034e-12,0
0,1.3428962132149853e-14,0
0,1.2856783644747376e-21,0
0,1.0038561736399476e-23,0
0,2.9856398948423504e-23,0
0,3.774077176702905e-11,0
0,7.388751188408119e-20,0
0,9.131079363222734e-21,0
0,6.917049057929433e-12,0
0,4.8193223125909315e-17,0
0,7.972479057320049e-19,0
0,3.1551610937616086e-05,0
0,2.4407731732104895e-13,0
0,6.598023444119348e-05,0
0,7.909323249318818e-17,0
0,4.5271579376745164e-12,0
0,0.380634770274088,0
0,1.2729243095508976e-17,0
0,3.7652841458852083e-10,0
0,1.961227040718877e-22,0
0,1.2561313708669673e-17,0
0,1.6241206151544095e-14,0
0,4.335747978028054e-17,0
0,1.2448319200736615e-18,0
0,1.0966688192680188e-12,0
0,1.0203739904095898e-13,0
0,1.4109643445452826e-10,0
0,7.918017724416378e-17,0
0,7.991991820428431e-20,0
0,1.8533103986304286e-13,0
0,5.373194150620902e-22,0
0,6.61211681444834e-19,0
0,0.03177761963899692,0
0,2.7440868919296215e-14,0
0,1.7868265346130702e-13,0
0,4.6271213809811226e-17,0
0,3.3801337980435786e-20,0
0,1.3847908538761343e-06,0
0,6.977894738607495e-17,0
0,3.493790287274158e-13,0
0,7.333625599537127e-16,0
0,4.649481318264029e-06,0
0,1.0790532078244925e-18,0
0,7.470874874599918e-24,0
0,1.8265443995552192e-22,0
0,3.6832006667473105e-24,0
0,2.0280152183162624e-18,0
0,1.2304839040376003e-11,0
0,7.066585979885053e-20,0
0,6.7735190104762645e-09,0
0,2.37160674369795e-09,0
0,1.1102494724447529e-15,0
0,4.948418580005558e-12,0
0,7.513135055202995e-21,0
0,9.967952196708974e-08,0
0,1.785344768646235e-17,0
0,4.176952721645786e-25,0
0,3.039565680447975e-16,0
0,5.568890511971154e-23,0
0,2.371657668201215e-24,0
0,1.0992072089319325e-16,0
0,6.627111029906199e-17,0
0,8.680359532635441e-10,0
0,2.94786948169266e-19,0
0,4.3930770813543708e-16,0
0,1.0909004614353847e-16,0
0,2.9495976156067846e-09,0
0,2.1124957428525646e-07,0
0,5.669898229047019e-19,0
0,6.461886968468673e-20,0
0,5.563289153117541e-16,0
0,8.220092859200346e-08,0
0,4.701956525663946e-17,0
0,3.0008219348391284e-17,0
0,8.831106122682125e-21,0
1,0.4802254897616803,0
0,5.395408815655985e-18,0
0,2.892078240591387e-19,0
0,1.9132668526725607e-18,0
0,4.3743965668050497e-14,0
0,2.1394679348064473e-11,0
0,2.0614067526557997e-10,0
0,2.018681104281328e-16,0
0,1.2060485740761696e-10,0
0,0.0002684848220829111,0
0,1.773425757019695e-08,0
0,4.7318384589367167e-07,0
0,1.7824281469759858e-16,0
0,2.1848051272616443e-19,0
0,5.206623537482308e-07,0
0,1.15725808415293e-13,0
0,1.2275516849656812e-17,0
0,1.5062447969141376e-18,0
0,1.4266671558419913e-25,0
0,1.1985330288683889e-21,0
0,2.6001660948076657e-10,0
0,4.110571316302541e-20,0
0,4.181510676717718e-15,0
0,7.901746864704356e-21,0
0,7.525069950097595e-07,0
0,2.0271381036108652e-14,0
0,1.2506834461745604e-10,0
0,1.6815410624783512e-18,0
0,1.083823365052599e-14,0
0,8.287751596211046e-13,0
0,2.211290076492115e-22,0
0,1.4246105526713942e-17,0
0,1.6321298998311923e-11,0
0,8.053356582026037e-17,0
0,5.476303221841209e-18,0
0,1.0677689278344573e-20,0
0,3.058235499736868e-18,0
0,2.31023825970923e-23,0
0,8.517103282028392e-17,0
0,2.74807140251773e-08,0
0,0.00017832004620455536,0
0,6.330477527192747e-16,0
0,1.3679071510886512e-20,0
0,1.3953438971052376e-20,0
0,1.0457247305418423e-18,0
0,3.099845002390032e-15,0
0,9.200671379834099e-10,0
0,3.997289799384508e-22,0
0,9.996631192094956e-25,0
0,4.9779173091573256e-18,0
0,2.649514080589157e-14,0
0,3.985336841900098e-11,0
0,1.1562585298822638e-21,0
0,4.412092939145912e-15,0
0,4.3065920102671786e-15,0
0,5.2009727241669913e-17,0
0,4.706580007230414e-14,0
0,1.479793387066768e-07,0
0,7.6228372544774e-22,0
0,1.8197021938594473e-13,0
0,1.698083674799552e-11,0
0,3.030369658326914e-13,0
0,2.479764055302354e-13,0
0,5.959937841868016e-20,0
0,0.00010722298608661746,0
0,8.369611656187142e-16,0
0,1.0860551035724227e-20,0
0,9.42701747486613e-19,0
0,9.438275939151e-17,0
0,3.393583122792114e-16,0
0,5.794878703023104e-15,0
0,5.818981321662625e-15,0
0,1.1825734657984799e-12,0
0,1.1458604615746044e-14,0
0,6.402230108067291e-20,0
0,3.5693036635316725e-11,0
0,2.329562908402229e-16,0
0,1.5343893569242696e-22,0
0,3.773549484710452e-20,0
1,0.999503536322968,1
0,2.3913021387902283e-17,0
0,1.067710262124574e-24,0
0,2.8105679051676825e-15,0
0,5.993774827387567e-20,0
0,2.6636387706082264e-20,0
0,1.5594027401247326e-17,0
0,3.4014876502379105e-09,0
0,1.4088930089903488e-17,0
0,4.059169129957297e-12,0
0,3.65419290196724e-13,0
0,7.639448485450855e-16,0
0,3.240624796949989e-17,0
0,6.166509693748894e-18,0
0,2.7954385725933677e-18,0
0,4.5812710188393894e-14,0
0,1.989458280968637e-19,0
0,4.570203003790783e-11,0
0,1.903326973059626e-15,0
0,1.1844037746693607e-25,0
0,3.3183272773096536e-18,0
0,2.1642163049577995e-16,0
0,4.773754792131188e-08,0
0,4.60978204741787e-18,0
0,6.437260479884675e-21,0
0,1.6950317170691795e-22,0
0,1.9325022837115115e-16,0
0,8.955312782746608e-19,0
0,9.259648794827399e-14,0
0,2.692077832924523e-15,0
0,1.7974770163502492e-08,0
0,2.675293820028576e-11,0
0,1.0048831188998326e-21,0
0,2.805614110252831e-09,0
0,8.967764466551755e-19,0
0,4.237227452051855e-14,0
0,4.2466759932144876e-16,0
0,1.3060445603915708e-11,0
0,4.1117465824416363e-20,0
0,3.405158066422617e-15,0
0,9.261582043709649e-13,0
0,1.4836786999176525e-16,0
0,3.525060507079157e-15,0
0,2.3611884306054504e-18,0
0,1.1368738485918394e-14,0
0,3.003063846439821e-09,0
0,1.8391373990601053e-14,0
0,2.8285017554402893e-11,0
0,2.9682747822628934e-16,0
0,8.346471096426347e-14,0
0,1.4394527733234202e-19,0
0,2.6660660957531665e-14,0
0,2.4275197518981703e-18,0
0,6.619716594133007e-09,0
0,3.933935809626758e-15,0
0,2.6624436197192985e-12,0
0,0.00013127287165784168,0
0,9.665805856581875e-19,0
0,1.650070102207777e-20,0
0,1.6169049303522225e-18,0
0,5.432504418285155e-19,0
0,7.764571672268491e-18,0
0,1.7751933026347175e-23,0
0,8.563018733568983e-15,0
0,2.105835182150049e-18,0
0,1.2155338069311159e-14,0
0,6.001244611096831e-25,0
0,1.4031732061052082e-05,0
0,7.810332743803293e-20,0
0,2.1280183473246725e-17,0
0,1.6515621325704488e-20,0
0,1.734642573619355e-10,0
0,1.2790035946124703e-13,0
0,5.421486182989506e-21,0
0,7.677145515393987e-22,0
0,1.4990812965586705e-18,0
0,1.6992308385979775e-17,0
0,2.6599696914898075e-13,0
0,2.8526027349280817e-18,0
0,5.288409828795112e-17,0
0,1.4985602857394274e-25,0
0,3.4500890208475914e-23,0
0,7.232296012428396e-16,0
0,3.837374516935629e-26,0
0,5.44034072645608e-16,0
0,1.4398543606842334e-17,0
0,1.551580205856053e-07,0
0,1.2710445731750933e-16,0
0,5.865438378695458e-12,0
0,1.610807356762441e-20,0
0,2.7212808414135636e-22,0
0,9.09966619152549e-18,0
0,1.8993117522473197e-15,0
0,1.7417260213270504e-18,0
0,2.349901527397316e-17,0
0,3.6131460919855505e-07,0
0,1.9199566186344217e-14,0
0,1.7587713632582927e-17,0
0,8.928788962745263e-18,0
0,4.820782222132545e-13,0
0,1.8532366220038885e-15,0
0,7.727394330527542e-21,0
0,2.228420920541297e-14,0
0,5.848171348827235e-23,0
0,1.3376568955647411e-20,0
0,1.5628916191928415e-19,0
0,4.0396063255010537e-10,0
0,1.5629913986929736e-16,0
0,2.1171906602948852e-17,0
0,1.5753864251658967e-15,0
0,6.083385810082947e-18,0
0,8.051339056456233e-21,0
0,8.666497054568261e-12,0
0,2.0704746346688134e-16,0
0,2.1501830980716736e-16,0
0,1.770763400636717e-14,0
0,6.369262613899574e-15,0
0,5.05133659602098e-17,0
0,1.0124113223865651e-16,0
0,2.3430505805377787e-19,0
0,3.736847954005629e-15,0
0,4.421818235727224e-19,0
0,1.276546371269689e-16,0
0,3.211636773499146e-09,0
0,2.487552486134497e-14,0
0,3.989294568714915e-17,0
0,1.547806463613397e-08,0
0,4.212258429703608e-16,0
0,1.0505032688136638e-18,0
0,9.436585187463565e-14,0
0,1.2527285045142143e-16,0
0,3.4895336814292785e-21,0
0,3.34199593409538e-19,0
0,1.7428448161666342e-18,0
0,9.04423684357531e-22,0
0,2.8009331688642344e-18,0
0,2.751552211231103e-14,0
0,3.1095062046994104e-14,0
0,2.3172788617743257e-19,0
0,6.570127108471124e-16,0
0,1.3814923316828872e-16,0
0,3.533686603444623e-21,0
0,6.307190839017171e-18,0
0,3.097474372889327e-16,0
0,3.717683974298797e-08,0
0,6.532489102094721e-13,0
0,1.8801065044421047e-22,0
0,4.047574685773329e-20,0
0,1.2698836463638475e-19,0
0,1.9041892591653513e-16,0
0,1.8815049126809314e-15,0
0,8.90826816294324e-13,0
0,2.406061726992832e-14,0
0,4.049895994966768e-18,0
0,4.964674683172726e-17,0
0,1.7029370934675693e-27,0
0,1.8532036353330406e-24,0
0,1.1613066321782888e-14,0
0,1.2245897177130475e-13,0
0,1.8490311216950355e-22,0
0,1.275155197463427e-25,0
0,2.054247307992581e-24,0
0,5.61153837845047e-20,0
0,2.167770538099315e-16,0
0,1.0548275570043736e-15,0
0,1.4526861495667e-26,0
0,1.343944144506142e-16,0
0,5.42757366815057e-20,0
0,2.6457374454747988e-15,0
0,4.737969379195259e-12,0
0,1.1838596867390053e-13,0
0,3.5062415976670376e-17,0
0,8.644575968782713e-14,0
0,9.784028464483777e-17,0
0,1.7952247066764796e-21,0
0,3.0059384633449505e-20,0
0,1.2463714887249394e-17,0
0,4.2886991314839404e-17,0
0,3.598065620557292e-18,0
0,1.4073467681185643e-16,0
0,3.09363238531473e-12,0
0,1.492706119838997e-12,0
0,1.872457786000503e-17,0
0,2.5922792959979203e-14,0
0,1.941527139371892e-22,0
0,2.682751856549566e-19,0
0,6.731494850370652e-06,0
0,2.1269123766465908e-14,0
0,4.0145239040866755e-24,0
0,9.029501059240636e-11,0
0,1.5148078664493367e-14,0
0,1.834768528348717e-18,0
0,2.3400037665954593e-21,0
0,5.23377515914477e-17,0
0,2.277276658874743e-16,0
0,1.2376088320119154e-20,0
0,6.487332309447552e-19,0
0,1.3840747546381625e-20,0
0,6.612467259641466e-06,0
0,1.2617793016858755e-11,0
0,7.770126132989441e-08,0
0,3.3426812423031035e-17,0
0,0.000577317588048097,0
0,1.1212880948107472e-15,0
0,5.461357339489596e-13,0
0,9.833872332650005e-11,0
0,7.789684617943258e-18,0
0,9.67101862612899e-19,0
0,4.203295659127327e-18,0
0,2.9589819965013765e-20,0
0,2.0475316244609764e-25,0
0,5.051166750843371e-22,0
0,2.0208599157458228e-20,0
0,1.2762884369166478e-21,0
0,5.10281765968554e-15,0
0,2.35304514453516e-18,0
0,1.0898223130055067e-12,0
0,2.590770428871036e-20,0
0,1.4511676384082774e-12,0
0,9.457508921246837e-18,0
0,1.0498735072973375e-05,0
0,1.0804029292491921e-22,0
0,1.928266203453985e-13,0
0,2.8320256400625622e-12,0
0,1.51972558621984e-19,0
0,5.303740073450075e-13,0
0,9.51825855653406e-16,0
0,1.0842527283716708e-20,0
0,5.003310219630089e-14,0
0,1.0570296845705247e-20,0
0,7.034343562753613e-13,0
0,2.6503504899845067e-17,0
0,7.194725608296758e-24,0
0,7.543392986901014e-18,0
0,1.1039459622622682e-23,0
0,2.0189681400847773e-13,0
0,9.93244804287022e-10,0
0,1.1587769860137492e-16,0
0,2.7251024452337243e-12,0
0,1.2864761751711423e-20,0
0,6.6537187581524015e-21,0
0,3.267034316116088e-22,0
0,1.4807213848689757e-13,0
0,2.3762883892660846e-17,0
0,3.4502350181005643e-18,0
0,2.815345124607655e-17,0
0,7.456247999964991e-17,0
0,6.807409558734158e-07,0
0,1.6912254253798892e-18,0
0,4.003058990652558e-11,0
0,3.5269451605150994e-21,0
0,4.0295305646516115e-22,0
0,1.0116400722222797e-17,0
0,3.181330207875887e-15,0
0,3.145020924283542e-15,0
0,5.792975027063607e-17,0
0,1.5332186616052176e-06,0
0,6.877882091236312e-15,0
0,1.9037758687912866e-20,0
0,1.0313003905142266e-07,0
0,2.465600095947645e-18,0
0,7.355327228491224e-23,0
0,4.6202987777174645e-24,0
0,4.9442632691264474e-14,0
0,4.249947126845917e-10,0
0,1.5780477235423762e-19,0
0,8.87161283283939e-10,0
0,1.5291418456907953e-09,0
0,2.0290833445472088e-16,0
0,1.8915974208381725e-13,0
0,4.503138557096539e-19,0
0,1.3462877032687108e-14,0
0,4.81312768275877e-13,0
0,7.928361630343772e-21,0
0,2.160859451789563e-20,0
0,5.379106917596444e-21,0
0,5.530344846486487e-14,0
0,1.6139920410253369e-19,0
0,1.654021783135028e-14,0
0,7.38255938835956e-12,0
0,2.3365912331847766e-17,0
0,2.362762732872259e-15,0
0,2.8701941213846424e-16,0
0,1.060163840777689e-12,0
0,8.808520614724074e-13,0
0,1.0079577407795785e-12,0
0,4.059122499858883e-11,0
0,1.0860917955615234e-10,0
0,3.2733957232049043e-07,0
0,3.1551498387868953e-10,0
0,1.9605709416921687e-21,0
0,2.507566619601675e-18,0
0,8.919927638801695e-15,0
0,3.83688851905339e-17,0
0,6.066428017661569e-13,0
0,5.132535136287672e-17,0
0,1.7633122209848762e-12,0
0,1.5915071732864062e-22,0
0,6.784764005623846e-22,0
0,2.0549008183256272e-21,0
0,5.552539149264803e-16,0
0,1.4436111344597014e-17,0
0,0.0024363515955178605,0
0,5.52581478637296e-09,0
0,1.3131808276186263e-20,0
0,1.9422197305655075e-05,0
0,7.20695987611969e-20,0
1,0.9999998885310128,1
0,1.1151004754036685e-16,0
0,1.0462052435210606e-14,0
0,7.501330778735251e-18,0
0,9.603910039388879e-18,0
0,4.100736581615434e-22,0
0,7.792747045507381e-10,0
0,2.3249701886198632e-25,0
0,6.372656752238639e-25,0
0,3.204541461290345e-05,0
0,8.741467952994825e-05,0
0,1.5008438259239555e-16,0
0,1.2365058160047676e-21,0
0,6.670196745284552e-16,0
0,4.667712439054871e-14,0
0,2.795350869473204e-21,0
0,2.4367780898170097e-24,0
0,2.018039135088315e-16,0
0,8.171535612314757e-23,0
0,3.250991263730005e-07,0
0,5.316531659706218e-24,0
0,1.2689409382248782e-18,0
0,4.950932322740409e-13,0
0,2.412115089549956e-20,0
0,2.8953811569868266e-15,0
0,1.3864077903134156e-11,0
0,2.4273241091123642e-22,0
0,2.0219560011014228e-16,0
0,3.7732539411425774e-22,0
0,1.0530145353520136e-21,0
0,2.2029356513918248e-11,0
0,1.9040578115188527e-16,0
0,1.921189429821422e-22,0
0,2.537982804064472e-10,0
0,1.9005251360426057e-12,0
0,1.5264728496489376e-22,0
0,2.983011838302075e-13,0
0,2.3866052832180484e-15,0
0,2.7182777213751496e-22,0
0,2.3339904132616817e-15,0
0,1.0220428248566098e-11,0
0,1.2856191681226465e-07,0
0,2.2622843732103216e-10,0
0,3.057182326926465e-26,0
0,6.746185423042598e-17,0
0,7.106919090134778e-12,0
0,2.76166461935372e-12,0
0,7.068583591978287e-18,0
0,2.833091981237164e-19,0
0,2.0201902115061578e-16,0
0,5.136468599818059e-07,0
0,1.2259721152680979e-20,0
0,1.002092407861449e-11,0
0,1.9114820111812052e-20,0
0,2.038180777235648e-13,0
0,4.05199688075862e-16,0
0,1.9694705315762867e-17,0
0,1.812679219048235e-18,0
0,0.04660731812510337,0
0,5.184084625656905e-23,0
0,1.0838781440752915e-21,0
0,4.254838684201051e-18,0
0,1.8091504361079436e-09,0
0,6.167527776630041e-14,0
0,3.459808859227244e-17,0
0,8.826608400219349e-22,0
0,1.740457652537031e-13,0
0,7.178124757200598e-15,0
0,5.556336962266289e-22,0
0,2.715514071826311e-21,0
0,6.3785091545990135e-24,0
0,3.6997500193689617e-19,0
0,7.067902802108748e-20,0
0,9.788435798951372e-18,0
0,8.60690167097161e-13,0
0,1.9627601333604826e-12,0
0,2.2499929499899984e-18,0
0,3.15146157048809e-16,0
0,1.1277312095855417e-22,0
0,2.5487618821547677e-24,0
0,0.0003021246983481317,0
0,7.95825600117721e-21,0
0,8.929185898629976e-23,0
0,3.2290498415460445e-05,0
0,1.976874213272374e-15,0
0,1.3805536128790739e-24,0
0,4.572776464812637e-22,0
0,9.843013556072387e-14,0
0,6.694375448158306e-21,0
0,1.620368778547874e-13,0
0,0.001178963918031478,0
0,3.655267409682691e-17,0
0,3.6453682702109e-10,0
0,2.5126525897494915e-15,0
0,3.814206478972626e-12,0
0,3.1164883922405833e-16,0
0,6.347086847225208e-05,0
0,2.386908802009241e-09,0
0,1.2400742171506507e-06,0
0,4.407468958871877e-22,0
0,1.330964700844573e-15,0
0,2.2599952425915826e-18,0
0,1.5164825490741021e-09,0
0,4.886527688177749e-08,0
0,1.1302637682943387e-17,0
0,3.826438977988128e-17,0
0,2.8534779940631976e-22,0
0,5.229687927296795e-24,0
0,5.233553315359237e-21,0
0,8.334215203429838e-14,0
0,2.771195812776612e-20,0
0,3.4367122318161387e-22,0
0,3.555443313903359e-11,0
0,1.6049309594866161e-10,0
0,4.3970164048411996e-21,0
0,2.281501926804543e-15,0
0,6.924746663234289e-17,0
0,1.9705642344477905e-18,0
0,1.1957762696672236e-16,0
0,3.190493646691849e-22,0
0,3.2191446957169355e-21,0
0,9.082988720047285e-23,0
0,5.811041565717231e-18,0
0,6.383085379171187e-13,0
0,1.1373223625402885e-20,0
0,1.0352547687861725e-23,0
0,2.3286614960956123e-14,0
0,6.78366706184625e-16,0
0,1.4862005639850791e-07,0
0,3.699476708601809e-19,0
0,2.842962635715888e-17,0
0,7.788164885061223e-12,0
0,4.038229518595842e-18,0
0,2.278872576254703e-20,0
0,5.3053331763915556e-21,0
0,3.8716478032150295e-18,0
0,2.4240442248838456e-20,0
0,3.662305765974865e-20,0
0,1.8978323097683428e-24,0
0,2.6629692523262403e-13,0
0,2.6782460569506604e-17,0
0,1.1900353212675753e-09,0
0,1.3023134733855454e-22,0
0,1.2789640484852086e-24,0
0,2.081082383821757e-24,0
0,2.305404678229611e-10,0
0,1.5803685916088047e-16,0
0,6.9368538911563825e-15,0
0,3.180799849378273e-15,0
0,1.0473150521998099e-20,0
0,2.2551927052412098e-13,0
0,1.6838394653680187e-11,0
0,7.571524274036537e-16,0
0,1.7073471899912285e-14,0
0,7.94543071520535e-18,0
0,6.808150602827269e-15,0
0,1.6173776711001822e-11,0
0,4.296836337683483e-15,0
0,4.437669415945382e-26,0
0,1.314287331792142e-20,0
0,0.000970784971143164,0
0,4.6870183405143814e-11,0
0,2.4250378363292673e-20,0
0,1.5903853156813177e-09,0
0,6.464347911808927e-08,0
0,1.710767858074556e-18,0
0,2.9249245647881113e-09,0
0,1.8441242042143933e-22,0
0,9.874379675747285e-14,0
0,6.4157093414543336e-09,0
0,2.2537043970581365e-13,0
0,1.2001765727416748e-21,0
0,1.0243911725692355e-20,0
0,7.900100146268745e-14,0
0,1.2754240186801836e-14,0
0,3.2538703083517965e-18,0
0,2.9377081147369068e-18,0
0,3.4672255778684243e-20,0
0,1.843097981051804e-15,0
0,8.782032540534533e-22,0
0,3.1611342694472314e-13,0
0,3.833500592292109e-24,0
0,9.336197992413544e-18,0
0,7.875951208472485e-12,0
0,1.4643478099009282e-15,0
0,5.559114049765088e-23,0
0,1.019398188433729e-13,0
0,2.1446292487110285e-17,0
0,4.443543657843407e-17,0
0,4.239327337992292e-22,0
0,2.1503456674378015e-09,0
0,1.2373475887684827e-11,0
0,9.776922462246279e-21,0
0,2.5296702016188852e-20,0
0,1.6941415375032647e-20,0
0,8.952397474091882e-08,0
0,3.4981968455016723e-12,0
0,4.930299538990579e-17,0
0,1.7684553090744194e-17,0
0,1.7657260967002618e-21,0
0,3.500629735191137e-12,0
0,4.1209565219588865e-12,0
0,3.625073054606603e-20,0
0,1.761722874678859e-18,0
0,4.263419864384161e-21,0
0,2.266620955043448e-15,0
0,1.3256186548506107e-12,0
0,1.6465756783104081e-18,0
0,2.02350233551279e-14,0
0,2.914816551566219e-17,0
0,1.4928063257724165e-12,0
0,7.702790921267474e-15,0
0,9.059100399324972e-23,0
0,2.898741218013251e-16,0
0,5.439356584912316e-10,0
0,1.0557130957634428e-25,0
0,2.1580387730182758e-19,0
0,4.2199959893413006e-13,0
0,5.418733973257585e-18,0
0,8.892933953562731e-18,0
0,5.698885810909321e-15,0
0,1.2707284011211404e-12,0
0,5.258318095627203e-26,0
0,7.985846470205869e-20,0
0,1.58994604036997e-17,0
0,5.982823299336543e-15,0
0,2.2812532460850454e-20,0
0,2.3050553550242157e-10,0
0,1.3003687632230137e-18,0
0,7.333569489375876e-17,0
0,9.537883089203285e-21,0
0,2.933628858777685e-17,0
0,2.8660140412255453e-19,0
0,1.4825247920124801e-24,0
0,5.459458995684417e-19,0
0,5.077547389820131e-18,0
0,1.803737490380938e-14,0
0,5.069898215154942e-15,0
0,5.437329115474163e-21,0
0,2.4855038087000644e-21,0
0,2.584464475868892e-18,0
0,7.43001824813121e-10,0
0,1.2269035935218918e-12,0
0,1.630625755443328e-21,0
0,2.5852730279839182e-22,0
0,1.7867429308880913e-20,0
0,2.4811549160722743e-25,0
0,1.218180404076142e-18,0
0,4.744503913374979e-15,0
0,9.411861159871225e-22,0
0,1.1801440198034393e-13,0
0,4.745006991663677e-23,0
0,4.91256978286113e-07,0
0,1.563444557572853e-16,0
0,3.6525209072090685e-19,0
0,6.770361555740178e-13,0
0,3.1370373363037064e-12,0
0,4.598412448635659e-13,0
0,5.971518182729922e-15,0
0,2.0237826458097485e-23,0
0,9.453557576878668e-20,0
0,6.182634010337348e-21,0
0,2.0865232305024035e-15,0
0,1.21522195831803e-12,0
0,1.7638735164759168e-23,0
0,5.1152104804318345e-21,0
0,1.672375550973238e-23,0
0,3.863535961086703e-16,0
0,1.9757118424646287e-18,0
0,8.402896806550199e-10,0
0,3.0266960809302413e-13,0
0,3.3229827435898655e-23,0
0,1.303838833542146e-17,0
0,4.749028625812361e-21,0
0,5.008728135046877e-15,0
0,8.81094738793172e-08,0
0,1.3759979902264105e-19,0
0,7.709656875619196e-21,0
0,1.5098980249685862e-07,0
0,3.3498517968850136e-12,0
0,3.2849126961536557e-09,0
0,3.7168904540170726e-16,0
0,7.54708210919895e-18,0
0,2.0492152021670662e-23,0
0,9.31662045970097e-16,0
0,2.8537293442058498e-19,0
0,2.0237672057754983e-10,0
0,1.5135964845308375e-05,0
0,1.3616350405537597e-06,0
0,1.517262046783183e-13,0
0,7.623739510674353e-12,0
0,3.8812913754152577e-22,0
0,3.4028189230207634e-20,0
0,1.0382599545746907e-22,0
0,2.825274396823887e-09,0
0,4.335878133002198e-05,0
0,7.670911372126365e-19,0
0,2.1270050033607416e-20,0
0,1.2539104973053597e-14,0
0,3.909932505261902e-22,0
0,2.6244582778607333e-11,0
0,5.198195769540744e-15,0
0,1.579850704672482e-21,0
0,5.396135789857376e-14,0
0,2.826183525718628e-17,0
0,3.93924951632842e-22,0
0,5.43732015499387e-12,0
0,1.5758605457808047e-21,0
0,7.283847244703481e-13,0
0,8.179490879462435e-16,0
0,8.78233359840109e-21,0
0,1.3354057046666342e-23,0
0,1.6313687862793402e-15,0
0,3.33968049418529e-14,0
0,7.055092202581054e-16,0
0,1.3244483182129216e-15,0
0,2.308002879750615e-14,0
0,3.479998166616311e-18,0
0,3.725140885654382e-11,0
0,1.4709757501854173e-13,0
0,9.057529496550739e-26,0
0,7.124618657824071e-20,0
0,6.959626651474252e-14,0
0,6.9678751173002495e-22,0
0,7.640226490644387e-26,0
0,9.969760132171656e-11,0
0,2.0414235454352274e-07,0
0,2.7426939833687426e-19,0
0,1.0037664819507491e-22,0
0,2.718486796917922e-24,0
0,1.6519752699454534e-17,0
0,4.139180528646783e-18,0
0,9.68908207874279e-21,0
0,1.562551900475651e-22,0
0,4.17790169916979e-22,0
0,3.9641693743742405e-08,0
0,2.3331059951119935e-26,0
0,3.2952622112143827e-20,0
0,2.424032678146713e-12,0
0,9.470206082772313e-14,0
0,4.9239123014751815e-21,0
0,1.2494941244509864e-17,0
0,5.957682206973513e-24,0
0,1.9068212424882341e-13,0
0,2.3711989985468772e-19,0
0,4.082509477333037e-16,0
0,1.0089223766738929e-22,0
0,1.6070430828905914e-19,0
0,8.466092797175491e-23,0
0,1.6973853965059881e-09,0
0,3.660503886898314e-20,0
0,1.0349105957979645e-14,0
0,1.1154728189143931e-17,0
0,1.0013228833463958e-17,0
0,9.872740245577988e-17,0
0,3.43278387164298e-20,0
0,6.107172466164846e-12,0
0,3.378541009607579e-18,0
0,1.0751091126733485e-11,0
0,1.9586644127714964e-19,0
0,5.749338342394848e-19,0
0,9.34011242504358e-18,0
0,6.0360348962445656e-18,0
0,3.861128453388643e-24,0
0,1.8704844791788256e-16,0
0,1.5765024448135272e-13,0
0,2.643822453105474e-19,0
0,3.000873197442969e-16,0
0,7.235899500019654e-09,0
0,2.1881206630265136e-21,0
0,2.1191038406629617e-17,0
0,1.2331431119059455e-16,0
0,1.6068946643949152e-17,0
0,7.624361870012796e-10,0
0,1.3140991697940402e-12,0
0,2.5234698285025353e-17,0
0,6.4588590472578784e-21,0
0,1.4276475151733728e-20,0
0,2.408919537360167e-24,0
0,1.0461381057544454e-09,0
0,3.0893239343959398e-18,0
0,1.3559955926529985e-17,0
0,7.499109790605737e-18,0
0,3.272460186506298e-18,0
0,9.500912474388735e-16,0
0,7.59124170392828e-09,0
0,4.239968027888685e-18,0
0,1.2876757461035332e-20,0
0,1.389762179080688e-17,0
0,8.098486470292286e-19,0
0,8.898320106699502e-14,0
0,5.662821935109203e-16,0
0,5.394491676145407e-13,0
0,4.637084632831511e-10,0
0,3.168416293837296e-08,0
0,4.085543601136272e-13,0
0,1.0982936659761298e-10,0
0,3.5926819828471656e-13,0
0,4.754872248490025e-16,0
0,2.91658929332822e-20,0
0,2.7598665551431338e-19,0
0,5.900152538762573e-17,0
0,1.1892531035066637e-18,0
0,2.3094052599391974e-16,0
0,1.0085093439974926e-19,0
0,1.7917827088886797e-17,0
0,1.5380879491805468e-24,0
0,2.2722665253887205e-14,0
0,1.4141456174923089e-21,0
0,1.5511133925360066e-19,0
0,1.6181015968533858e-09,0
0,2.522988983530088e-15,0
0,2.9430427927489375e-18,0
0,1.0142898173332704e-17,0
0,1.9563644443014254e-22,0
0,7.995242211178776e-17,0
0,5.792997631622121e-23,0
0,1.2650869276200806e-17,0
0,5.325452228969795e-19,0
0,1.9557901697623294e-14,0
0,1.1001674284901116e-21,0
0,2.959757430904423e-19,0
0,1.2358257679139082e-12,0
0,6.470808000641334e-11,0
0,2.5160691060098108e-14,0
0,2.4209598892389538e-18,0
0,1.091706308551156e-18,0
0,7.749942868937309e-17,0
0,1.5949068914118137e-08,0
0,2.6092229379869183e-14,0
0,8.394476809321284e-18,0
0,9.657071964250435e-21,0
0,5.9147507521792e-17,0
0,2.4020992478607187e-12,0
0,8.85438604126141e-21,0
0,2.5937244137606364e-19,0
0,0.00015662238536388656,0
0,2.867006413916649e-20,0
0,2.87340150671145e-24,0
0,1.8261982335341158e-07,0
0,7.171547951645147e-13,0
0,1.4801367611206672e-14,0
0,2.6806115123258693e-22,0
0,1.6567646081507668e-07,0
0,3.806302830149579e-17,0
0,4.8497407883786466e-24,0
0,9.150606741005601e-08,0
0,1.4257109199218364e-17,0
0,5.454780492770053e-20,0
0,4.021895095034479e-15,0
0,8.856220798865855e-23,0
0,1.62976169414671e-11,0
0,1.407093184961568e-19,0
0,2.369140943146653e-20,0
0,2.2468738893490405e-15,0
0,3.116765377606718e-11,0
0,9.073341128641167e-13,0
0,6.753092761243283e-09,0
0,1.0213765315567883e-15,0
0,4.44627157246193e-13,0
0,4.354781428442348e-17,0
0,8.64495372308387e-17,0
0,5.1892456310410274e-24,0
0,5.1291419399972306e-21,0
0,1.9373442671986324e-14,0
0,1.0306606265891381e-16,0
0,3.3792031130333656e-14,0
0,7.99276338557071e-16,0
0,4.769480997546457e-18,0
0,5.837519595607233e-14,0
0,4.0942003078678487e-13,0
0,6.6294212391973476e-15,0
0,3.0698737725488755e-18,0
0,5.911642622887654e-19,0
0,2.233593048800064e-18,0
0,2.265516403858627e-14,0
0,1.6405726370728068e-19,0
0,1.594317297725519e-18,0
0,4.348357409075631e-15,0
0,4.7614970794922084e-07,0
0,3.426523991530228e-21,0
0,1.3776869855055782e-14,0
0,3.142041681227525e-10,0
0,1.0540226992803004e-20,0
0,1.3356250586054287e-06,0
0,2.880615282271032e-18,0
0,4.755484705181928e-17,0
0,2.4193721464021316e-23,0
0,1.97231362261847e-18,0
0,1.2029789041791957e-13,0
0,3.5966804094456547e-16,0
0,5.578311942453563e-19,0
0,4.4503565454225766e-13,0
0,1.851902937893711e-13,0
0,1.390167397203483e-20,0
0,1.9689169007839957e-07,0
0,2.362013858526361e-12,0
0,5.2713921377340186e-20,0
0,5.486061691596733e-20,0
0,7.155496123369422e-24,0
0,5.111172127305475e-16,0
0,3.451809452728741e-10,0
0,2.7750247211603894e-16,0
0,1.5403438426180653e-22,0
0,2.197695822970609e-19,0
0,0.0003391452839003091,0
0,0.014796460697081095,0
0,2.8293077563850747e-19,0
0,1.0382790841064774e-17,0
0,1.0174627302444926e-13,0
0,1.0712342977121067e-14,0
0,8.880384775435264e-15,0
0,1.7971738888454564e-12,0
0,3.3328648641450454e-15,0
0,6.812697607595501e-15,0
0,2.627893829745525e-13,0
0,3.045975008075402e-09,0
0,5.465658879522361e-16,0
0,1.585873308044487e-19,0
0,4.572051529388361e-24,0
0,2.1689775664352117e-19,0
0,1.8660928865918057e-19,0
0,1.21937757663553e-22,0
0,4.787235837314714e-17,0
0,6.310779800950394e-16,0
0,6.714112383622813e-16,0
0,1.0644540552037674e-14,0
0,1.856495575363645e-18,0
0,7.958288769917616e-06,0
0,5.007618056274341e-22,0
0,1.5523030240896247e-14,0
0,9.391371449440452e-22,0
0,7.769615694543072e-18,0
0,7.126346549269322e-16,0
0,2.4781543483975842e-21,0
0,7.365944540506405e-15,0
0,1.7800525702001307e-13,0
0,1.2774674537250303e-16,0
0,2.879186378428571e-13,0
0,1.0717266560960102e-22,0
0,3.6269008010876206e-10,0
0,0.02621743497172983,0
0,1.1065446024140873e-13,0
0,3.5873339843140613e-13,0
0,1.9490868256237197e-20,0
0,3.077622138628176e-14,0
0,3.136054756595533e-17,0
0,2.1694328945859757e-05,0
0,6.2525090048647225e-18,0
0,1.4432282985469926e-18,0
0,2.789828377807794e-19,0
0,2.1796243427488827e-09,0
0,4.780818303868147e-13,0
0,9.366030368135315e-17,0
0,1.2564024495813317e-09,0
0,8.794783627700652e-20,0
0,2.9468690543453755e-16,0
0,2.465042134307531e-21,0
0,1.0331967145483406e-20,0
0,9.388249216532182e-17,0
0,2.7370375050185737e-19,0
0,2.593487059238088e-18,0
0,5.635874259507923e-19,0
0,5.402800630576607e-13,0
0,3.734438499917586e-05,0
0,6.334264306978454e-10,0
0,5.601610297795337e-26,0
0,1.6633191971604232e-08,0
0,5.591028863795475e-10,0
0,6.503676110067258e-19,0
0,8.548493805603241e-23,0
0,9.505795168322812e-23,0
0,8.995883754833365e-09,0
0,8.606364107716875e-17,0
0,1.7183873436293166e-26,0
0,3.6231573342535803e-22,0
0,1.0719273600895417e-20,0
0,1.0980102005485723e-16,0
0,7.941547202154198e-17,0
0,1.0239935685527485e-08,0
0,5.684302426851524e-22,0
0,1.6727205059630652e-13,0
0,4.545070143841169e-18,0
0,0.0009678815326975677,0
0,5.267293545063353e-24,0
0,8.773313178087926e-13,0
0,4.4346916413009394e-17,0
0,2.6995638163996916e-23,0
0,5.304163792729822e-16,0
0,6.489146425679958e-12,0
0,1.525146604485492e-20,0
0,6.137759411487104e-10,0
0,7.401711078435882e-14,0
0,1.9797450777411652e-10,0
0,8.561805517958695e-16,0
0,8.222191083802634e-17,0
0,5.089791731603156e-20,0
0,6.245034460601913e-09,0
0,8.482392914772234e-09,0
0,6.207264595657214e-11,0
0,7.206332828030723e-22,0
0,1.5936974180459987e-09,0
0,7.007520215837256e-10,0
0,1.4964219085739805e-18,0
0,1.2024210437516467e-15,0
0,4.221472152260226e-17,0
0,7.196525224173363e-22,0
0,1.5433650214083473e-11,0
0,2.7129895860944397e-21,0
0,3.164230875537929e-25,0
0,1.6098199309573057e-09,0
0,2.834910691834621e-12,0
0,2.1170020132282026e-18,0
0,6.639900927758459e-17,0
0,4.392641446002409e-17,0
0,4.2096082194966897e-22,0
0,1.687641658474655e-11,0
0,8.271733868381494e-21,0
0,4.723305956852059e-19,0
0,1.3398655509060015e-17,0
0,2.3983008862719347e-22,0
0,0.0006060996291678245,0
0,1.0228328523733681e-13,0
0,5.43761799639573e-16,0
0,8.850637186412484e-16,0
0,1.208680934213956e-14,0
0,2.082956871234522e-09,0
0,1.2229182054306606e-14,0
0,4.558221028907027e-22,0
0,1.7938634694966235e-24,0
0,1.7482164645894838e-09,0
0,1.8745751692767276e-24,0
0,3.641468212762865e-11,0
0,3.590808907864963e-24,0
0,3.25436261820496e-18,0
0,1.3147181449381342e-17,0
0,1.3176822458194089e-15,0
0,4.6534697428929943e-17,0
0,1.6583695689803112e-18,0
0,2.1173730511645455e-21,0
0,3.3443423685073516e-13,0
0,5.431994315195634e-16,0
0,1.0290258128377255e-14,0
0,2.970512782877782e-28,0
0,2.7942244574892953e-17,0
0,3.1763786015929435e-28,0
0,1.6997204186337126e-08,0
0,3.509279036927872e-21,0
0,7.279182616758464e-21,0
0,3.0727088556384824e-20,0
0,4.63473663666645e-19,0
0,4.056695581195088e-16,0
0,1.3279856364908306e-20,0
0,2.680659510965257e-16,0
0,8.10109944754373e-12,0
0,4.945515674883671e-26,0
0,2.720045756072007e-06,0
0,1.1385754894838084e-15,0
0,5.992268253667456e-17,0
0,8.442088424031667e-14,0
0,7.64708806571391e-21,0
0,6.233074235407808e-11,0
0,0.0005741172319787543,0
0,2.4991726594438747e-16,0
0,2.704333662068155e-17,0
0,5.6370377903843035e-24,0
0,1.1668162325206968e-23,0
0,2.3182740551302466e-24,0
0,9.271945315511259e-07,0
0,7.995081202128127e-24,0
0,2.8707809735114004e-16,0
0,1.2274446858695554e-09,0
0,6.858709128022993e-17,0
0,1.7389341085318496e-24,0
0,3.373927407729957e-20,0
0,2.89944105637369e-20,0
0,7.212708122100151e-10,0
0,9.14511888960852e-17,0
0,1.4628517033739173e-10,0
0,3.625972611084899e-15,0
0,6.043295435956057e-15,0
0,2.3018164823440486e-17,0
0,9.627332277818439e-20,0
0,4.267097159103564e-11,0
0,6.124468837563814e-17,0
0,1.5134270714085975e-15,0
0,1.7605995423445165e-17,0
0,1.8630887620099623e-16,0
0,1.1132013808439678e-22,0
0,5.426122501222023e-23,0
0,2.892853432639202e-16,0
0,1.0835164175057719e-15,0
0,1.4371698731126692e-16,0
0,7.844972286754193e-17,0
0,8.224997493434629e-15,0
0,1.9592754034327127e-20,0
0,1.5365197835180506e-20,0
0,8.686645920710519e-11,0
0,4.3623182872510933e-13,0
0,1.0526799022387862e-11,0
0,1.5928838924567963e-22,0
1,0.9999651132282172,1
0,8.088957660876248e-18,0
0,8.288723266761578e-24,0
0,8.000821431766272e-16,0
0,6.296661706308234e-09,0
0,2.1603822796030073e-22,0
0,2.2983433526686348e-10,0
0,8.31002446450042e-23,0
0,1.2810013795140763e-10,0
0,2.6342401160587154e-14,0
0,9.013996651058668e-19,0
0,3.5942698418838607e-22,0
0,1.1700889408379877e-19,0
0,1.3868944556617564e-12,0
0,1.7300040648281457e-12,0
0,3.8725882255473855e-21,0
0,2.49041896455783e-17,0
0,1.1392514567550788e-20,0
0,1.0938443556146764e-23,0
0,3.0853987634381294e-15,0
0,4.901218381929249e-20,0
0,6.255475132004589e-20,0
0,7.887952495708335e-20,0
0,5.714346909646134e-22,0
0,8.603688707027928e-07,0
0,1.618096252874752e-13,0
0,6.414753366517052e-18,0
0,4.92074165667648e-05,0
0,2.89751566601286e-13,0
0,8.483987482456839e-21,0
0,5.010551248256903e-16,0
0,1.6856884701391726e-22,0
0,6.370947479677416e-21,0
0,7.480557740884763e-21,0
0,2.8578011487246626e-09,0
0,4.684832568000566e-22,0
0,6.765573772570101e-13,0
0,1.3281906366599313e-14,0
0,1.149611270470063e-17,0
0,1.924395202934819e-15,0
0,2.1035548141907236e-11,0
0,2.1335921001313237e-21,0
0,1.234930737269625e-14,0
0,6.934598804802376e-11,0
0,1.1242151396309205e-20,0
0,6.489105495898315e-15,0
0,1.0607303638553522e-22,0
0,7.682875039310916e-14,0
0,2.676650324100482e-13,0
0,2.2716807308342605e-10,0
0,7.927715385345756e-16,0
0,7.826015701830744e-08,0
0,2.1532434193405475e-09,0
0,4.560281353168156e-21,0
0,4.548703753155814e-09,0
0,2.1060100358999636e-16,0
0,3.7645113396662616e-17,0
0,6.066347157338363e-09,0
0,9.133944915070976e-20,0
0,1.6325584785792915e-20,0
0,6.056952253823506e-18,0
0,8.214505960346532e-21,0
0,3.3920297646271832e-15,0
0,2.0578846500172314e-14,0
0,1.2758819136419973e-24,0
0,1.1431853713116884e-10,0
0,1.1815504704147355e-16,0
0,1.0108302131721748e-10,0
0,1.2046079004735167e-13,0
0,1.8833680855391937e-21,0
0,7.718847961491488e-15,0
0,7.100160323202142e-20,0
0,6.582064782513675e-15,0
0,1.604735170735662e-19,0
0,2.782258781267389e-22,0
0,6.907328274964157e-19,0
0,5.768232360183734e-22,0
0,4.07023542667715e-28,0
0,6.15298035920619e-18,0
0,6.545573391107264e-23,0
0,1.5471120265053627e-09,0
0,5.6670584127830005e-19,0
0,2.6207343514833954e-10,0
0,6.936409281766317e-19,0
0,2.1221531145914055e-20,0
0,3.6825487226333504e-24,0
0,5.562709779425085e-17,0
0,1.698886451864045e-12,0
0,8.665889928117221e-19,0
0,6.825479265537537e-21,0
0,1.5214039192246812e-22,0
0,6.903168482464177e-20,0
0,1.099693119260278e-19,0
0,1.714066184383483e-23,0
0,3.4139343140441077e-07,0
0,4.970772117189155e-16,0
0,1.5222972553313216e-14,0
0,2.4324466470256983e-18,0
0,1.531861970059102e-17,0
0,4.6841357017170845e-17,0
0,3.4407588885974684e-22,0
0,8.136974298355521e-20,0
0,2.310262111950021e-13,0
0,4.176574276886651e-17,0
0,2.5585853877397582e-09,0
0,7.999395867623884e-11,0
0,1.1346372949574613e-22,0
0,2.716537246460017e-18,0
0,4.052468728875782e-21,0
0,9.19528251046904e-13,0
0,7.276743567127303e-21,0
0,1.94437835079109e-06,0
0,8.40881170739643e-20,0
0,8.235280701122304e-17,0
0,1.4346885680300473e-18,0
0,1.574121923374444e-19,0
1,0.7533446786816594,1
0,6.508237861969789e-14,0
0,6.87882429279722e-09,0
0,2.0403924060651784e-18,0
0,1.5911142540626275e-11,0
0,2.880753970259496e-16,0
0,6.180491340959508e-18,0
0,5.109955640659793e-19,0
0,4.959746451595544e-16,0
0,4.35763321085583e-21,0
0,1.2080324489795498e-15,0
0,3.921988504920745e-11,0
0,7.944324392439986e-16,0
0,5.8960519880315585e-12,0
0,1.1504641279367388e-23,0
0,2.9878136523368692e-16,0
0,2.4382104918368407e-14,0
0,5.275043981615383e-17,0
0,2.2457889260268384e-19,0
0,5.4675971395209394e-15,0
0,9.23446050024674e-16,0
0,5.040025971189674e-15,0
0,3.8598237866892884e-22,0
0,1.9000472560734014e-09,0
0,1.7602270614359345e-19,0
0,6.660526413616808e-20,0
0,3.184086686293424e-11,0
0,7.50066865525345e-16,0
0,2.5614800882837173e-10,0
0,1.4604888636975297e-26,0
0,3.9796164185753873e-19,0
0,9.365867989503325e-07,0
0,2.8765428509396228e-15,0
0,3.0714411902292223e-15,0
0,9.288649825022132e-17,0
0,4.44666844774731e-12,0
0,8.505914942356644e-17,0
0,8.19438949629752e-15,0
0,1.3719736019497204e-14,0
0,2.715899257407863e-17,0
0,7.65949233574556e-17,0
0,4.205791962339562e-26,0
0,5.497261346471974e-19,0
0,3.005487577280885e-18,0
0,4.12143439125051e-21,0
0,6.633329967067114e-13,0
0,3.296732873223975e-17,0
0,2.33160774859175e-17,0
0,8.94373769327437e-24,0
0,1.9664824453825553e-25,0
0,4.3475952414385105e-20,0
0,8.563519529787106e-22,0
0,1.6680864714822312e-20,0
0,3.909707072816735e-18,0
0,5.475504438519086e-16,0
0,1.3621626284367139e-10,0
0,1.6556930503711691e-16,0
0,1.6613587557445603e-15,0
0,6.900262276738665e-19,0
0,3.0057142913299987e-13,0
0,8.77003447800645e-17,0
0,7.585788707996241e-14,0
0,4.0471228477871777e-17,0
0,7.22945918232563e-17,0
0,7.721730012420179e-17,0
0,2.5649521471082904e-19,0
0,1.2574562076381738e-16,0
0,4.343648409479386e-05,0
0,4.3183515509214317e-13,0
0,1.7647286409361484e-21,0
0,1.0229029658424895e-24,0
0,6.825891560394759e-15,0
0,1.200595303339904e-18,0
0,8.46718847063038e-15,0
0,2.5252641335498254e-18,0
0,5.852727310004807e-17,0
0,3.068950776858786e-06,0
0,1.5165575420506953e-20,0
0,1.6609660939477025e-14,0
0,3.090068725852059e-16,0
0,1.7711704715837675e-21,0
0,5.907769806104732e-20,0
0,7.415063796517237e-09,0
0,4.4544579881804347e-14,0
0,3.1854975819972513e-17,0
0,2.4417860404542605e-16,0
0,1.444484316656036e-21,0
0,7.612914401078645e-21,0
0,6.398914070117781e-25,0
0,7.529847492553726e-19,0
0,9.117497262799814e-17,0
0,5.412034785014719e-19,0
0,1.0566832526522736e-17,0
0,1.0976072483846284e-13,0
0,1.5400508654725059e-22,0
0,5.492611244909693e-16,0
0,5.1065472628457266e-08,0
0,5.0990029922850885e-12,0
0,9.230842072803006e-17,0
0,2.1064741370830833e-21,0
0,4.1881799477127454e-17,0
0,1.931228538529709e-17,0
0,7.29020743776371e-14,0
0,1.1079258078530395e-18,0
0,4.915303477365554e-05,0
0,2.805309416853845e-22,0
0,5.9171468788123675e-18,0
0,2.5367069734660402e-20,0
0,2.849223158929686e-19,0
0,2.174868172044366e-12,0
0,1.8654389668636677e-11,0
0,3.0299098621727638e-24,0
0,3.1151039172528956e-10,0
0,1.0408860919142487e-21,0
0,1.2544579722785182e-21,0
0,4.871765718445631e-12,0
0,2.357445166341672e-15,0
0,5.762060380168437e-14,0
0,2.5102692821803657e-11,0
0,2.79940736039579e-21,0
0,3.468533610877168e-06,0
0,9.904839943580259e-09,0
0,9.457777862576393e-19,0
0,5.44550145233837e-17,0
0,5.975094520205498e-12,0
0,2.2912347129015942e-20,0
0,1.000593335921669e-23,0
0,1.0036935170287735e-18,0
0,8.975580252932896e-19,0
0,4.3424322937176625e-16,0
0,3.390003921575924e-15,0
0,1.7231222079125913e-22,0
0,2.8398734671872286e-17,0
0,3.788603431845901e-17,0
0,2.268577693325136e-14,0
0,3.043726900927811e-20,0
0,1.0676975721517195e-12,0
0,1.3374144419217456e-13,0
0,1.8068054516015944e-09,0
0,1.0703867738105672e-12,0
0,3.780003411530223e-22,0
0,1.575964585731661e-10,0
0,8.455967171086922e-22,0
0,3.611632134372692e-21,0
0,1.5919465747312072e-19,0
0,1.951515515570457e-15,0
0,5.51413172801983e-20,0
0,6.421071529315823e-12,0
0,2.6268998068193782e-17,0
0,1.054124997351832e-17,0
0,9.878617227557304e-19,0
0,9.284920049433874e-13,0
0,3.2701569001603666e-11,0
0,1.797076955610938e-10,0
0,7.771451384391359e-25,0
0,4.721337277480595e-10,0
0,7.239546370621329e-14,0
0,2.3197313925777185e-17,0
0,1.6095716148499125e-17,0
0,2.800845327372939e-22,0
0,4.168394106974827e-18,0
0,6.462369636264285e-20,0
0,1.5435430397410486e-14,0
0,2.9456799993447116e-13,0
0,3.770997777595813e-14,0
0,2.0884964911371469e-13,0
0,2.4616231626983147e-15,0
0,6.786689812247592e-19,0
0,1.5862238340305815e-16,0
0,2.6658203995366163e-17,0
0,8.585702833686214e-12,0
0,2.145162304888427e-25,0
0,1.5749047511769372e-17,0
0,1.69916410713809e-13,0
0,7.4791581647582e-20,0
0,2.8857635252994056e-08,0
0,3.559623371029879e-16,0
0,5.927201562593363e-16,0
0,0.0006111867135098366,0
1,0.8820127791974808,1
0,5.675865187039478e-17,0
0,2.0778775260081703e-18,0
0,3.061845263540815e-16,0
0,9.465465201688443e-20,0
0,1.0706104324116508e-14,0
0,1.7962932332067742e-11,0
0,1.3570496240208077e-18,0
0,4.4273754506992856e-13,0
0,6.279347314762515e-16,0
0,1.8567896446161595e-16,0
0,7.309541904831714e-21,0
0,1.4277792704413252e-18,0
0,3.1107076191253625e-12,0
0,3.947801120039651e-11,0
0,2.4616163355924435e-16,0
0,9.093889231329895e-20,0
0,6.015869495895055e-19,0
0,9.548372291436637e-20,0
0,2.974919714375897e-11,0
0,2.4997892007159128e-21,0
0,7.102688067488028e-17,0
0,1.6933833225777202e-10,0
0,6.364245648548121e-13,0
0,3.662062992592373e-11,0
0,1.2862012595328543e-24,0
0,3.689322765746041e-21,0
0,1.2342681514839712e-19,0
0,9.117528600619955e-15,0
0,1.1169254222416292e-18,0
0,2.758373728862231e-22,0
0,2.687203284605028e-15,0
0,1.965482498145457e-20,0
0,9.333483224876969e-17,0
0,8.235740819685182e-08,0
0,2.076077747398173e-14,0
0,4.878539868181603e-21,0
0,1.993036854948319e-16,0
0,6.759285414453078e-09,0
0,6.381163469649748e-18,0
0,6.929502291928815e-24,0
0,8.159132145885823e-13,0
0,1.8743272838763035e-13,0
0,2.134288952087578e-16,0
0,6.421169016280544e-08,0
0,2.0155301745842832e-08,0
0,6.14661967492223e-11,0
0,3.6356608613850953e-10,0
0,2.716283450675252e-13,0
0,6.590091029705028e-13,0
0,2.4161197517815348e-23,0
0,1.054112209393845e-12,0
0,7.747791148600617e-19,0
0,4.741443448967498e-18,0
0,6.680534882396319e-13,0
0,5.768321921908116e-20,0
0,5.734615840568947e-21,0
0,2.030982324857865e-21,0
0,1.0725416060466402e-11,0
0,7.534224365739335e-18,0
0,2.3864100100807853e-17,0
0,3.863766252106546e-17,0
0,1.0754408695500993e-20,0
0,9.038368783907378e-14,0
0,1.4430508869181145e-19,0
0,2.338958765341937e-16,0
0,9.42698793431328e-27,0
0,1.2942221582297008e-18,0
0,1.7683722694237345e-15,0
0,1.8034863806264153e-22,0
0,4.838758098271916e-13,0
0,5.22333436224534e-12,0
0,4.3155195794572965e-15,0
0,7.18894644893332e-18,0
0,2.9260566320896008e-18,0
0,3.0117609212921945e-23,0
0,5.393237476833152e-21,0
0,6.130341617968212e-15,0
0,5.899057241502585e-11,0
0,6.595657239313699e-14,0
0,1.1983709135217762e-08,0
0,1.4686305342884054e-07,0
0,6.595199827414312e-16,0
0,1.7877601496571574e-11,0
0,0.001982435602611605,0
0,5.495293396711795e-22,0
0,6.976761113715653e-12,0
0,3.678421469881199e-12,0
0,8.06390975923972e-20,0
0,3.2374650173209802e-21,0
0,5.296746126685756e-09,0
0,5.194280506508926e-16,0
0,2.0667080422309117e-20,0
0,6.646954528291422e-14,0
0,2.375438185884093e-14,0
0,2.2138145615361267e-15,0
0,8.749489020615159e-18,0
0,6.665446679944654e-18,0
0,5.929976320680751e-19,0
0,2.1336700363116996e-15,0
0,1.0084047232328701e-21,0
0,4.174585512873423e-19,0
0,2.233487489768857e-21,0
0,9.155626081746462e-17,0
0,4.600076595726711e-14,0
0,0.18207485284632022,0
0,3.286359659960074e-24,0
0,3.2380003681542843e-12,0
0,2.0562563769614927e-12,0
0,2.222398397276041e-23,0
0,2.5141653014002518e-20,0
0,1.3605960473675344e-23,0
1,0.9634217223871403,1
0,9.308097925717476e-17,0
0,5.045834500812457e-19,0
0,5.404456062632864e-15,0
0,1.697026256495848e-16,0
0,1.9323221885425645e-17,0
0,1.9451999725797142e-20,0
0,3.214765579076741e-18,0
0,6.136887027862187e-17,0
0,8.09021110184929e-17,0
0,5.973200446723775e-22,0
0,8.44395303828491e-17,0
0,1.6319887008854955e-08,0
0,1.0999044368319947e-15,0
0,8.439309790452062e-16,0
0,2.931002144477698e-14,0
0,8.252656499937416e-11,0
0,7.750613255460037e-14,0
0,2.3128865762073253e-14,0
0,3.159549840481306e-18,0
0,6.492160799830744e-08,0
0,1.3748898831800923e-14,0
0,5.949190858272764e-13,0
0,5.136324270025018e-13,0
0,3.1692784696758547e-20,0
0,2.660375848339919e-22,0
